SKU_ID,Warehouse_ID,Forecast_Model,Demand_Forecast_AI,Forecast_Daily_Rate,Forecast_MAPE_Pct,Forecast_WAPE_Daily_Pct,Forecast_Bias_Pct,Forecast_Sigma_Daily,Avg_Daily_Demand,Demand_Std_Dev,Units_Sold_YTD,Zero_Day_Share,Is_Intermittent
SKU-0001,WH-SIN-01,combination,1075,35.827,23.4,55.8,23.4,22.884,38.414,23.954,9862,0.0,0
SKU-0002,WH-SIN-01,holt_winters,110,3.669,0.5,53.2,0.5,2.352,2.997,2.228,800,0.074,0
SKU-0003,WH-SIN-01,combination,259,8.649,9.8,44.9,9.8,4.755,9.189,5.614,2323,0.011,0
SKU-0004,WH-SIN-01,seasonal_index,1543,51.417,11.6,38.7,11.6,23.699,52.411,31.842,12362,0.0,0
SKU-0005,WH-SIN-01,seasonal_index,131,4.357,6.5,50.3,-6.5,4.342,5.384,3.958,1507,0.033,0
SKU-0006,WH-SIN-01,combination,47,1.572,5.8,56.2,5.8,2.045,2.893,2.49,689,0.14,0
SKU-0007,WH-SIN-01,snaive,11507,383.558,5.8,36.4,-5.8,191.582,373.584,231.378,86132,0.0,0
SKU-0008,WH-SIN-01,combination,35569,1185.623,76.8,80.0,76.8,1275.646,1424.542,1017.491,368618,0.0,0
SKU-0009,WH-SIN-01,combination,251,8.353,9.3,49.1,-9.3,4.961,5.841,4.926,1359,0.036,0
SKU-0010,WH-SIN-01,holt_winters,301,10.024,16.8,37.0,-16.8,5.858,10.751,7.138,2372,0.014,0
SKU-0011,WH-SIN-01,combination,430,14.324,5.6,31.6,-5.6,8.424,14.871,11.329,3377,0.016,0
SKU-0012,WH-SIN-01,seasonal_index,1236,41.196,44.1,50.9,44.1,44.238,66.625,42.214,17634,0.0,0
SKU-0013,WH-SIN-01,combination,87,2.887,13.7,55.7,-13.7,2.536,3.011,2.518,774,0.14,0
SKU-0014,WH-SIN-01,combination,864,28.791,14.1,27.0,-14.1,11.451,28.992,17.624,6660,0.0,0
SKU-0015,WH-SIN-01,seasonal_index,1073,35.756,14.5,57.6,14.5,26.163,46.334,30.816,11169,0.0,0
SKU-0016,WH-SIN-01,combination,597,19.894,29.1,48.0,-29.1,11.622,19.773,14.295,4591,0.008,0
SKU-0017,WH-SIN-01,seasonal_index,241,8.035,14.2,40.6,14.2,5.674,10.31,5.262,2745,0.003,0
SKU-0018,WH-SIN-01,combination,407,13.559,9.8,39.8,-9.8,8.79,16.17,10.168,4105,0.011,0
SKU-0019,WH-SIN-01,snaive,235,7.833,6.5,44.9,6.5,7.107,9.014,5.791,2257,0.008,0
SKU-0020,WH-SIN-01,seasonal_index,283,9.424,19.8,43.8,-19.8,4.703,8.093,4.561,1981,0.022,0
SKU-0021,WH-SIN-01,combination,739,24.62,11.4,39.2,11.4,14.508,24.849,13.863,6368,0.0,0
SKU-0022,WH-SIN-01,combination,214,7.146,45.1,67.3,45.1,5.654,8.91,7.35,2189,0.03,0
SKU-0023,WH-SIN-01,seasonal_index,234,7.799,15.6,46.2,15.6,7.881,9.29,7.16,2577,0.005,0
SKU-0024,WH-SIN-01,seasonal_index,2231,74.383,4.8,37.0,4.8,42.297,80.753,45.137,19415,0.0,0
SKU-0025,WH-SIN-01,combination,3286,109.518,4.0,41.7,-4.0,82.079,112.77,73.914,28804,0.0,0
SKU-0026,WH-SIN-01,combination,1384,46.148,6.1,62.7,-6.1,28.403,34.534,24.711,9578,0.0,0
SKU-0027,WH-SIN-01,combination,1253,41.777,30.6,44.8,-30.6,19.71,31.058,19.831,7159,0.0,0
SKU-0028,WH-SIN-01,combination,931,31.017,6.9,33.4,6.9,16.096,26.112,15.548,6000,0.0,0
SKU-0029,WH-SIN-01,seasonal_index,426,14.195,14.0,34.4,14.0,7.155,15.57,7.031,4020,0.0,0
SKU-0030,WH-SIN-01,combination,85,2.838,73.7,86.8,73.7,3.416,3.655,3.115,939,0.096,0
SKU-0031,WH-SIN-01,seasonal_index,1686,56.196,7.2,39.6,-7.2,33.459,60.134,34.779,14130,0.0,0
SKU-0032,WH-SIN-01,combination,407,13.581,17.9,52.5,-17.9,6.124,11.222,9.959,2079,0.003,0
SKU-0033,WH-SIN-01,holt_winters,4697,156.566,11.4,50.4,11.4,88.596,141.175,101.742,34451,0.0,0
SKU-0034,WH-SIN-01,holt_winters,1472,49.051,2.9,30.2,-2.9,31.9,53.696,36.556,12394,0.0,0
SKU-0035,WH-SIN-01,snaive,829,27.642,10.5,43.5,-10.5,17.402,28.378,18.974,6463,0.0,0
SKU-0036,WH-SIN-01,combination,214,7.145,11.9,78.8,11.9,6.409,6.781,5.612,1589,0.041,0
SKU-0037,WH-SIN-01,combination,131,4.367,17.4,68.8,17.4,4.205,5.967,4.352,1527,0.041,0
SKU-0038,WH-SIN-01,combination,2450,81.676,13.6,50.8,-13.6,46.213,77.342,42.358,19333,0.0,0
SKU-0039,WH-SIN-01,combination,273,9.099,0.1,53.7,0.1,7.903,9.274,7.707,2398,0.052,0
SKU-0040,WH-SIN-01,combination,646,21.524,7.3,33.8,-7.3,10.335,18.849,12.374,4373,0.008,0
SKU-0041,WH-SIN-01,combination,37,1.226,81.1,146.0,81.1,1.902,1.644,1.693,400,0.285,0
SKU-0042,WH-SIN-01,combination,2926,97.541,23.5,47.1,23.5,51.929,94.896,61.18,21320,0.0,0
SKU-0043,WH-SIN-01,combination,347,11.58,2.5,43.4,-2.5,8.4,13.392,9.528,3343,0.0,0
SKU-0044,WH-SIN-01,combination,87,2.913,5.0,56.5,-5.0,3.166,3.463,3.202,857,0.151,0
SKU-0045,WH-SIN-01,combination,988,32.932,27.9,48.0,27.9,17.143,35.364,18.603,8456,0.0,0
SKU-0046,WH-SIN-01,combination,1380,45.992,2.5,32.6,2.5,25.7,50.756,23.147,13127,0.0,0
SKU-0047,WH-SIN-01,combination,295,9.826,10.3,40.8,-10.3,6.853,10.162,7.463,2576,0.036,0
SKU-0048,WH-SIN-01,seasonal_index,351,11.685,20.1,52.3,-20.1,6.229,8.83,6.448,1968,0.041,0
SKU-0049,WH-SIN-01,seasonal_index,174,5.801,16.1,57.9,16.1,5.392,7.049,5.222,1774,0.027,0
SKU-0050,WH-SIN-01,seasonal_index,335,11.164,6.6,41.9,-6.6,9.37,12.751,8.508,3392,0.003,0
SKU-0051,WH-SIN-01,combination,720,24.008,19.9,54.3,-19.9,17.127,28.203,17.788,6741,0.0,0
SKU-0052,WH-SIN-01,combination,3209,106.966,4.2,53.1,4.2,77.12,121.759,79.457,30431,0.0,0
SKU-0053,WH-SIN-01,snaive,45,1.5,1.7,77.3,-1.7,1.69,1.874,1.562,416,0.211,0
SKU-0054,WH-SIN-01,combination,146,4.878,10.5,45.9,-10.5,4.624,5.556,4.486,1426,0.058,0
SKU-0055,WH-SIN-01,snaive,300,9.983,12.4,43.9,-12.4,8.878,11.071,7.873,2687,0.014,0
SKU-0056,WH-SIN-01,combination,2956,98.546,20.5,31.1,-20.5,45.384,78.433,42.754,19340,0.0,0
SKU-0057,WH-SIN-01,snaive,379,12.633,0.7,41.5,0.7,7.376,12.537,6.744,3366,0.0,0
SKU-0058,WH-SIN-01,combination,23,0.762,6.8,107.4,-6.8,0.998,0.784,1.003,186,0.499,1
SKU-0059,WH-SIN-01,holt_winters,640,21.345,8.6,48.4,-8.6,12.219,17.205,12.871,4180,0.008,0
SKU-0060,WH-SIN-01,combination,3615,120.509,21.2,41.4,21.2,100.606,180.123,137.667,40901,0.0,0
SKU-0061,WH-SIN-01,croston_sba,39,1.315,1.1,95.8,-1.1,1.75,1.556,1.698,387,0.323,1
SKU-0062,WH-SIN-01,combination,1228,40.919,21.3,52.6,-21.3,22.365,32.548,23.52,7532,0.005,0
SKU-0063,WH-SIN-01,snaive,139,4.625,16.7,54.8,16.7,4.402,4.844,4.45,1194,0.066,0
SKU-0064,WH-SIN-01,combination,1252,41.719,30.7,45.4,30.7,30.07,46.162,30.389,11281,0.0,0
SKU-0065,WH-SIN-01,combination,82,2.74,3.2,69.6,-3.2,2.224,2.636,2.483,587,0.151,0
SKU-0066,WH-SIN-01,combination,565,18.826,12.4,55.0,12.4,16.784,23.334,16.068,6240,0.0,0
SKU-0067,WH-SIN-01,combination,3183,106.099,1.7,25.2,1.7,41.747,115.178,46.145,28305,0.0,0
SKU-0068,WH-SIN-01,combination,422,14.082,16.9,44.7,-16.9,9.993,14.584,14.49,3296,0.008,0
SKU-0069,WH-SIN-01,combination,4965,165.509,52.5,59.1,52.5,182.249,204.066,157.345,57384,0.0,0
SKU-0070,WH-SIN-01,combination,1679,55.972,9.0,33.2,-9.0,30.157,58.907,35.072,13060,0.0,0
SKU-0071,WH-SIN-01,combination,792,26.41,10.1,56.9,10.1,24.823,28.507,22.474,6664,0.0,0
SKU-0072,WH-SIN-01,combination,2279,75.981,11.3,31.8,11.3,38.108,67.901,44.572,15324,0.0,0
SKU-0073,WH-SIN-01,combination,1737,57.91,25.9,55.3,25.9,43.544,65.485,46.441,15895,0.0,0
SKU-0074,WH-SIN-01,combination,604,20.142,6.2,42.6,6.2,16.433,22.51,19.835,5325,0.008,0
SKU-0075,WH-SIN-01,combination,514,17.117,4.5,31.2,-4.5,7.041,13.781,7.645,3182,0.0,0
SKU-0076,WH-SIN-01,seasonal_index,239,7.962,19.6,60.4,-19.6,6.452,6.858,5.843,1663,0.096,0
SKU-0077,WH-SIN-01,combination,162,5.399,5.0,44.2,-5.0,3.089,5.112,3.87,1140,0.079,0
SKU-0078,WH-SIN-01,combination,873,29.113,12.9,49.7,12.9,17.329,31.381,22.785,7181,0.0,0
SKU-0079,WH-SIN-01,holt_winters,173,5.769,11.5,58.2,11.5,3.738,4.789,3.404,1212,0.047,0
SKU-0080,WH-SIN-01,combination,2438,81.272,10.7,40.9,-10.7,49.483,87.318,53.598,20428,0.0,0
SKU-0081,WH-SIN-01,combination,198,6.598,0.8,43.3,-0.8,3.833,6.638,4.393,1678,0.016,0
SKU-0082,WH-SIN-01,combination,1086,36.199,11.8,35.3,-11.8,18.452,40.268,24.812,9441,0.0,0
SKU-0083,WH-SIN-01,combination,3618,120.614,17.2,39.9,17.2,72.138,146.647,92.929,35080,0.0,0
SKU-0084,WH-SIN-01,combination,6737,224.566,13.6,33.8,-13.6,82.79,175.66,111.602,37641,0.0,0
SKU-0085,WH-SIN-01,combination,1135,37.817,4.1,44.1,-4.1,17.05,32.753,21.392,6645,0.0,0
SKU-0086,WH-SIN-01,seasonal_index,143,4.754,26.2,62.5,-26.2,2.137,3.019,2.218,667,0.09,0
SKU-0087,WH-SIN-01,combination,1401,46.711,18.2,31.5,-18.2,19.431,41.068,21.536,9588,0.0,0
SKU-0088,WH-SIN-01,combination,149,4.951,19.1,55.3,19.1,4.2,6.907,5.28,1866,0.03,0
SKU-0089,WH-SIN-01,combination,490,16.319,10.0,36.0,-10.0,7.281,13.814,7.083,3057,0.0,0
SKU-0090,WH-SIN-01,seasonal_index,3354,111.806,13.2,30.7,-13.2,56.44,113.101,58.899,26932,0.0,0
SKU-0091,WH-SIN-01,combination,2031,67.695,2.7,39.9,-2.7,39.162,70.638,48.797,15220,0.0,0
SKU-0092,WH-SIN-01,seasonal_index,77,2.56,8.3,66.7,8.3,2.23,3.244,2.582,786,0.096,0
SKU-0093,WH-SIN-01,combination,233,7.751,7.2,62.2,7.2,5.486,7.384,5.416,1748,0.019,0
SKU-0094,WH-SIN-01,combination,391,13.019,3.1,46.1,-3.1,8.168,12.899,8.655,3223,0.011,0
SKU-0095,WH-SIN-01,combination,136,4.539,6.5,52.9,-6.5,3.364,3.929,3.593,925,0.121,0
SKU-0096,WH-SIN-01,seasonal_index,83,2.753,9.5,71.9,9.5,4.188,3.655,3.598,944,0.115,0
SKU-0097,WH-SIN-01,combination,265,8.832,23.5,63.1,23.5,9.492,10.441,9.109,2638,0.033,0
SKU-0098,WH-SIN-01,combination,4814,160.45,0.3,31.4,-0.3,63.734,132.871,81.728,29517,0.0,0
SKU-0099,WH-SIN-01,combination,1263,42.098,74.6,81.0,74.6,46.119,51.455,38.498,13532,0.0,0
SKU-0100,WH-SIN-01,croston_sba,16,0.542,27.9,109.6,-27.9,0.735,0.616,0.884,127,0.578,1
SKU-0101,WH-SIN-01,seasonal_index,300,10.016,48.0,78.7,48.0,11.605,16.348,12.369,4487,0.003,0
SKU-0102,WH-SIN-01,seasonal_index,291,9.689,8.8,51.2,-8.8,6.956,9.899,6.515,2568,0.016,0
SKU-0103,WH-SIN-01,ma28,421,14.036,36.8,62.9,36.8,11.541,15.016,10.555,3677,0.005,0
SKU-0104,WH-SIN-01,combination,2012,67.057,28.8,57.6,28.8,63.899,65.167,54.259,17914,0.0,0
SKU-0105,WH-SIN-01,holt_winters,117,3.905,24.9,52.2,-24.9,3.074,3.781,2.973,889,0.074,0
SKU-0106,WH-SIN-01,combination,137,4.583,2.6,56.7,-2.6,3.067,4.082,3.363,981,0.096,0
SKU-0107,WH-SIN-01,combination,737,24.565,16.8,50.9,16.8,16.24,27.23,16.6,6823,0.0,0
SKU-0108,WH-SIN-01,holt_winters,87,2.905,5.5,45.7,-5.5,2.138,2.271,2.332,582,0.238,0
SKU-0109,WH-SIN-01,combination,5057,168.55,10.7,31.2,-10.7,75.599,159.479,84.421,36763,0.0,0
SKU-0110,WH-SIN-01,combination,1396,46.545,22.5,30.0,-22.5,17.411,29.43,18.366,7343,0.0,0
SKU-0111,WH-SIN-01,combination,1888,62.94,27.8,52.7,27.8,34.919,52.403,30.317,12765,0.0,0
SKU-0112,WH-SIN-01,seasonal_index,321,10.714,7.3,33.8,7.3,7.715,11.214,7.16,3004,0.003,0
SKU-0113,WH-SIN-01,combination,898,29.917,7.7,50.2,-7.7,20.33,28.863,21.927,6297,0.003,0
SKU-0114,WH-SIN-01,combination,646,21.53,11.4,47.3,-11.4,11.762,19.052,15.303,4123,0.003,0
SKU-0115,WH-SIN-01,combination,541,18.027,2.7,38.2,2.7,9.176,17.082,9.143,4366,0.0,0
SKU-0116,WH-SIN-01,combination,1609,53.634,4.9,38.7,4.9,24.736,52.353,31.024,11836,0.0,0
SKU-0117,WH-SIN-01,seasonal_index,1353,45.085,16.9,31.0,16.9,20.514,41.233,19.985,9935,0.0,0
SKU-0118,WH-SIN-01,seasonal_index,66,2.215,26.0,89.7,26.0,1.66,1.882,1.985,415,0.266,0
SKU-0119,WH-SIN-01,seasonal_index,391,13.022,21.9,47.8,21.9,9.494,15.123,9.258,3609,0.0,0
SKU-0120,WH-SIN-01,seasonal_index,235,7.839,27.3,60.6,-27.3,6.906,7.195,6.009,1870,0.044,0
SKU-0121,WH-SIN-01,combination,318,10.59,14.6,40.1,-14.6,6.657,11.778,6.83,2982,0.008,0
SKU-0122,WH-SIN-01,combination,664,22.143,11.0,31.4,-11.0,10.388,23.504,14.455,5644,0.0,0
SKU-0123,WH-SIN-01,combination,281,9.382,38.5,49.7,-38.5,4.564,6.397,4.786,1519,0.014,0
SKU-0124,WH-SIN-01,combination,198,6.608,0.6,50.6,0.6,4.431,7.181,5.626,1709,0.036,0
SKU-0125,WH-SIN-01,combination,4000,133.335,6.4,30.1,6.4,70.618,132.03,65.477,35645,0.0,0
SKU-0126,WH-SIN-01,seasonal_index,268,8.947,31.0,50.3,-31.0,5.211,9.266,5.246,2142,0.0,0
SKU-0127,WH-SIN-01,seasonal_index,75,2.49,41.7,78.9,41.7,2.685,2.844,2.86,695,0.205,0
SKU-0128,WH-SIN-01,combination,568,18.942,24.6,36.6,24.6,13.798,23.353,12.37,6506,0.0,0
SKU-0129,WH-SIN-01,combination,1769,58.951,1.5,38.5,1.5,34.435,72.984,35.099,18295,0.0,0
SKU-0130,WH-SIN-01,seasonal_index,179,5.96,4.6,68.0,4.6,4.456,6.444,4.951,1577,0.047,0
SKU-0131,WH-SIN-01,snaive,2235,74.508,26.7,46.3,-26.7,40.568,91.753,58.264,18982,0.0,0
SKU-0132,WH-SIN-01,combination,893,29.761,1.4,42.3,1.4,14.394,25.619,18.93,5130,0.0,0
SKU-0133,WH-SIN-01,combination,537,17.887,15.4,56.2,-15.4,13.941,15.121,11.703,3837,0.008,0
SKU-0134,WH-SIN-01,seasonal_index,403,13.438,35.4,77.2,35.4,14.595,16.49,13.26,4216,0.008,0
SKU-0135,WH-SIN-01,combination,2841,94.685,8.7,43.2,-8.7,52.544,90.981,58.92,20985,0.0,0
SKU-0136,WH-SIN-01,combination,346,11.546,20.9,51.2,20.9,8.01,17.419,11.734,4160,0.0,0
SKU-0137,WH-SIN-01,combination,52,1.732,0.0,64.5,0.0,1.336,1.967,2.028,399,0.244,0
SKU-0138,WH-SIN-01,combination,4036,134.537,3.1,32.4,-3.1,48.677,113.814,59.431,24911,0.0,0
SKU-0139,WH-SIN-01,holt_winters,1095,36.491,2.6,34.0,-2.6,16.251,36.748,18.291,9341,0.0,0
SKU-0140,WH-SIN-01,seasonal_index,900,29.997,9.6,46.2,9.6,13.948,33.688,19.214,7905,0.0,0
SKU-0141,WH-SIN-01,combination,1333,44.443,12.3,33.9,-12.3,16.446,46.321,22.58,10355,0.0,0
SKU-0142,WH-SIN-01,seasonal_index,92,3.077,6.5,62.5,-6.5,2.692,3.781,2.867,971,0.066,0
SKU-0143,WH-SIN-01,combination,109,3.63,11.8,53.6,11.8,2.391,2.866,2.534,623,0.151,0
SKU-0144,WH-SIN-01,seasonal_index,38,1.259,5.9,74.4,-5.9,1.515,1.455,1.449,372,0.293,0
SKU-0145,WH-SIN-01,seasonal_index,164,5.473,28.4,61.6,28.4,4.855,5.507,4.242,1381,0.016,0
SKU-0146,WH-SIN-01,seasonal_index,503,16.773,12.0,63.4,12.0,16.059,18.036,16.899,4143,0.011,0
SKU-0147,WH-SIN-01,holt_winters,491,16.352,4.8,37.5,4.8,8.867,15.858,10.234,3829,0.011,0
SKU-0148,WH-SIN-01,seasonal_index,502,16.721,1.0,49.7,-1.0,12.8,17.781,12.731,4507,0.003,0
SKU-0149,WH-SIN-01,seasonal_index,86,2.876,4.2,52.8,-4.2,2.583,2.762,2.358,685,0.151,0
SKU-0150,WH-SIN-01,combination,75,2.484,10.1,56.9,-10.1,1.566,2.37,1.953,521,0.115,0
SKU-0151,WH-SIN-01,combination,1778,59.274,16.0,52.3,16.0,40.795,56.175,38.216,14510,0.0,0
SKU-0152,WH-SIN-01,seasonal_index,677,22.562,29.9,49.4,29.9,13.223,26.737,15.8,6341,0.0,0
SKU-0153,WH-SIN-01,combination,1329,44.308,3.7,23.2,-3.7,16.562,45.622,22.652,10106,0.0,0
SKU-0154,WH-SIN-01,combination,1115,37.162,0.7,41.8,-0.7,26.521,42.871,29.882,10407,0.0,0
SKU-0155,WH-SIN-01,combination,993,33.104,1.8,43.1,1.8,21.496,31.447,26.826,6824,0.003,0
SKU-0156,WH-SIN-01,combination,494,16.479,7.6,38.3,-7.6,7.742,15.8,10.561,3414,0.0,0
SKU-0157,WH-SIN-01,holt_winters,303,10.102,14.4,47.9,14.4,8.322,12.948,10.729,3164,0.033,0
SKU-0158,WH-SIN-01,holt_winters,916,30.518,15.1,42.8,-15.1,14.615,20.647,14.902,5451,0.0,0
SKU-0159,WH-SIN-01,combination,444,14.791,2.2,45.0,-2.2,8.682,14.967,9.538,3536,0.0,0
SKU-0160,WH-SIN-01,combination,1193,39.765,11.4,40.2,-11.4,23.282,40.011,21.415,10079,0.0,0
SKU-0161,WH-SIN-01,seasonal_index,876,29.191,17.9,41.8,17.9,22.388,40.222,26.304,9946,0.003,0
SKU-0162,WH-SIN-01,combination,1310,43.679,17.0,34.7,-17.0,18.23,36.584,27.982,7433,0.003,0
SKU-0163,WH-SIN-01,combination,203,6.772,21.7,57.3,-21.7,4.483,5.871,4.536,1427,0.096,0
SKU-0164,WH-SIN-01,combination,1705,56.819,9.5,46.4,9.5,26.805,52.11,31.746,11489,0.0,0
SKU-0165,WH-SIN-01,snaive,358,11.917,3.5,60.8,-3.5,8.257,11.008,7.469,2527,0.003,0
SKU-0166,WH-SIN-01,seasonal_index,263,8.769,21.5,57.3,-21.5,5.865,7.455,6.292,1754,0.068,0
SKU-0167,WH-SIN-01,combination,5566,185.534,1.4,31.1,1.4,106.757,184.31,95.731,47369,0.0,0
SKU-0168,WH-SIN-01,combination,160,5.318,13.7,39.0,-13.7,2.961,5.164,3.188,1237,0.022,0
SKU-0169,WH-SIN-01,combination,72,2.401,10.1,67.3,-10.1,1.774,1.825,1.941,471,0.282,0
SKU-0170,WH-SIN-01,combination,81,2.686,32.1,58.4,32.1,2.639,2.942,2.434,828,0.107,0
SKU-0171,WH-SIN-01,combination,24,0.804,63.4,142.1,63.4,1.359,1.11,1.356,280,0.419,1
SKU-0172,WH-SIN-01,combination,206,6.868,2.2,52.2,2.2,4.228,6.29,4.135,1459,0.027,0
SKU-0173,WH-SIN-01,combination,778,25.933,29.1,56.2,29.1,20.508,26.337,19.901,6577,0.003,0
SKU-0174,WH-SIN-01,combination,228,7.596,7.0,40.4,7.0,4.734,7.485,5.217,2152,0.016,0
SKU-0175,WH-SIN-01,combination,909,30.307,18.5,49.4,18.5,18.306,27.378,17.189,7229,0.0,0
SKU-0176,WH-SIN-01,combination,3022,100.74,16.7,33.7,-16.7,38.797,89.049,51.313,18702,0.0,0
SKU-0177,WH-SIN-01,seasonal_index,2277,75.894,6.2,46.3,6.2,59.716,107.038,62.444,27241,0.0,0
SKU-0178,WH-SIN-01,combination,386,12.853,11.0,40.0,11.0,12.961,19.742,12.7,5479,0.0,0
SKU-0179,WH-SIN-01,combination,5490,182.986,7.1,37.3,-7.1,82.944,168.447,83.984,38768,0.0,0
SKU-0180,WH-SIN-01,combination,2114,70.474,10.5,42.9,-10.5,34.771,62.433,34.881,14883,0.0,0
SKU-0181,WH-SIN-01,combination,457,15.246,12.8,39.0,-12.8,7.586,14.247,10.867,3163,0.0,0
SKU-0182,WH-SIN-01,combination,456,15.212,48.2,58.3,48.2,9.409,15.189,9.026,3638,0.003,0
SKU-0183,WH-SIN-01,combination,128,4.253,27.7,51.2,-27.7,2.328,3.159,2.322,762,0.099,0
SKU-0184,WH-SIN-01,combination,130,4.344,23.1,52.8,23.1,4.261,4.373,3.841,1088,0.11,0
SKU-0185,WH-SIN-01,seasonal_index,902,30.077,20.5,73.5,20.5,19.483,28.216,19.221,6916,0.0,0
SKU-0186,WH-SIN-01,seasonal_index,447,14.91,18.2,45.7,18.2,8.033,15.91,9.301,3754,0.0,0
SKU-0187,WH-SIN-01,combination,2827,94.235,0.7,36.2,-0.7,58.031,93.91,63.855,23432,0.0,0
SKU-0188,WH-SIN-01,combination,191,6.373,2.2,53.8,-2.2,4.573,5.871,4.154,1622,0.038,0
SKU-0189,WH-SIN-01,combination,2495,83.179,10.3,60.9,-10.3,53.439,76.803,50.134,18903,0.0,0
SKU-0190,WH-SIN-01,holt_winters,64,2.132,54.5,99.5,54.5,2.349,2.323,2.393,614,0.247,0
SKU-0191,WH-SIN-01,combination,771,25.715,1.9,38.6,-1.9,18.082,24.197,16.675,7041,0.003,0
SKU-0192,WH-SIN-01,seasonal_index,148,4.937,17.7,68.6,17.7,5.987,6.512,5.861,1484,0.099,0
SKU-0193,WH-SIN-01,combination,66,2.214,5.3,61.3,-5.3,1.559,2.071,1.877,415,0.195,0
SKU-0194,WH-SIN-01,combination,3081,102.702,25.5,33.0,25.5,58.288,113.753,57.697,27104,0.0,0
SKU-0195,WH-SIN-01,seasonal_index,541,18.036,12.3,31.7,-12.3,7.897,14.751,9.176,3394,0.0,0
SKU-0196,WH-SIN-01,combination,245,8.161,5.0,52.5,-5.0,6.331,7.644,5.249,2068,0.005,0
SKU-0197,WH-SIN-01,combination,70,2.343,36.6,62.7,-36.6,1.559,1.986,1.769,459,0.208,0
SKU-0198,WH-SIN-01,combination,515,17.166,8.6,58.2,-8.6,9.555,15.022,8.723,3454,0.0,0
SKU-0199,WH-SIN-01,snaive,888,29.617,7.2,59.3,7.2,16.862,36.17,23.966,7629,0.0,0
SKU-0200,WH-SIN-01,holt_winters,182,6.079,34.5,65.2,34.5,6.22,7.879,6.728,1884,0.049,0
SKU-0201,WH-SIN-01,combination,1064,35.477,16.7,35.5,16.7,13.963,41.515,19.602,9642,0.0,0
SKU-0202,WH-SIN-01,seasonal_index,514,17.122,54.7,61.3,54.7,35.751,35.173,30.56,9643,0.0,0
SKU-0203,WH-SIN-01,seasonal_index,2584,86.137,5.1,29.8,-5.1,55.873,99.682,50.459,26273,0.0,0
SKU-0204,WH-SIN-01,combination,378,12.612,9.7,65.3,9.7,7.586,12.874,8.907,2863,0.014,0
SKU-0205,WH-SIN-01,seasonal_index,134,4.468,16.8,44.6,16.8,2.826,3.504,2.777,919,0.077,0
SKU-0206,WH-SIN-01,seasonal_index,952,31.728,13.3,45.8,13.3,20.4,24.844,20.154,5758,0.014,0
SKU-0207,WH-SIN-01,seasonal_index,284,9.472,36.8,48.4,36.8,9.527,14.425,8.819,3535,0.0,0
SKU-0208,WH-SIN-01,holt_winters,399,13.304,2.5,48.2,2.5,9.804,16.537,12.67,3819,0.003,0
SKU-0209,WH-SIN-01,holt_winters,858,28.607,5.5,34.3,5.5,18.178,27.101,16.743,7189,0.0,0
SKU-0210,WH-SIN-01,seasonal_index,357,11.916,19.6,69.6,19.6,8.497,10.564,7.5,2562,0.005,0
SKU-0211,WH-SIN-01,combination,473,15.781,12.1,46.1,-12.1,11.053,15.951,10.254,4140,0.008,0
SKU-0212,WH-SIN-01,seasonal_index,1307,43.583,77.9,95.5,77.9,32.405,50.353,39.131,12230,0.0,0
SKU-0213,WH-SIN-01,combination,12357,411.907,3.1,38.5,-3.1,177.654,326.756,190.313,78981,0.0,0
SKU-0214,WH-SIN-01,ma28,2263,75.429,2.4,35.4,2.4,56.788,72.515,52.106,18159,0.0,0
SKU-0215,WH-SIN-01,seasonal_index,348,11.604,26.7,53.0,-26.7,13.4,14.74,11.489,3822,0.005,0
SKU-0216,WH-SIN-01,holt_winters,4115,137.161,38.3,55.6,38.3,115.921,166.701,103.32,39762,0.0,0
SKU-0217,WH-SIN-01,combination,280,9.324,32.7,49.8,32.7,9.076,11.31,7.668,3161,0.005,0
SKU-0218,WH-SIN-01,combination,799,26.622,24.4,52.8,24.4,23.267,35.723,23.742,8141,0.0,0
SKU-0219,WH-SIN-01,snaive,780,25.983,22.3,43.5,-22.3,11.19,19.167,13.453,4051,0.0,0
SKU-0220,WH-SIN-01,combination,315,10.484,18.6,54.8,18.6,5.689,10.03,7.126,2282,0.016,0
SKU-0221,WH-SIN-01,combination,125,4.161,25.4,49.0,-25.4,3.161,3.71,3.371,873,0.148,0
SKU-0222,WH-SIN-01,seasonal_index,96,3.193,3.8,65.1,3.8,2.761,3.159,2.601,777,0.101,0
SKU-0223,WH-SIN-01,croston_sba,27,0.885,30.4,118.5,-30.4,0.946,0.564,0.88,129,0.633,1
SKU-0224,WH-SIN-01,combination,178,5.942,31.6,55.2,-31.6,3.263,5.175,5.071,978,0.058,0
SKU-0225,WH-SIN-01,holt_winters,183,6.108,5.7,41.2,-5.7,3.682,4.707,4.176,1192,0.126,0
SKU-0226,WH-SIN-01,combination,293,9.769,13.2,58.2,13.2,8.694,15.301,11.123,3449,0.005,0
SKU-0227,WH-SIN-01,combination,3329,110.967,6.2,45.5,-6.2,85.1,135.723,81.932,35115,0.0,0
SKU-0228,WH-SIN-01,combination,1684,56.144,16.8,43.2,-16.8,23.271,47.112,30.69,10393,0.0,0
SKU-0229,WH-SIN-01,combination,62,2.053,0.5,68.0,-0.5,1.904,2.258,1.901,564,0.186,0
SKU-0230,WH-SIN-01,seasonal_index,487,16.239,54.1,68.9,54.1,18.188,20.937,16.31,5366,0.0,0
SKU-0231,WH-SIN-01,combination,230,7.656,6.5,53.7,6.5,7.606,10.841,9.992,2688,0.003,0
SKU-0232,WH-SIN-01,seasonal_index,207,6.911,2.4,62.2,-2.4,5.172,6.192,4.872,1472,0.052,0
SKU-0233,WH-SIN-01,seasonal_index,404,13.477,5.7,45.8,-5.7,13.252,16.775,11.928,4496,0.0,0
SKU-0234,WH-SIN-01,seasonal_index,336,11.216,7.6,56.8,7.6,9.468,13.589,9.458,3440,0.016,0
SKU-0235,WH-SIN-01,combination,521,17.374,20.7,41.9,-20.7,8.326,14.427,10.505,3072,0.0,0
SKU-0236,WH-SIN-01,seasonal_index,3799,126.637,10.4,31.5,-10.4,108.792,157.175,103.721,39924,0.0,0
SKU-0237,WH-SIN-01,combination,125,4.163,0.7,33.9,-0.7,2.918,4.611,3.179,1034,0.038,0
SKU-0238,WH-SIN-01,combination,1681,56.027,7.0,34.7,7.0,38.338,65.26,36.513,16718,0.0,0
SKU-0239,WH-SIN-01,seasonal_index,11618,387.26,45.9,53.7,45.9,204.315,358.866,248.261,85485,0.0,0
SKU-0240,WH-SIN-01,combination,639,21.289,20.4,45.9,-20.4,10.622,19.137,11.584,4130,0.0,0
SKU-0241,WH-SIN-01,combination,6491,216.37,0.6,35.2,0.6,139.421,211.984,121.106,50941,0.0,0
SKU-0242,WH-SIN-01,combination,1758,58.605,14.4,35.8,-14.4,35.625,59.033,31.316,15383,0.0,0
SKU-0243,WH-SIN-01,seasonal_index,637,21.225,13.4,53.4,13.4,16.112,23.173,16.425,5461,0.003,0
SKU-0244,WH-SIN-01,combination,560,18.666,3.2,37.3,3.2,10.986,18.129,12.518,4105,0.0,0
SKU-0245,WH-SIN-01,combination,285,9.502,6.6,29.7,-6.6,6.798,10.093,6.827,2706,0.016,0
SKU-0246,WH-SIN-01,combination,650,21.672,13.5,39.5,-13.5,9.889,19.855,11.323,4726,0.0,0
SKU-0247,WH-SIN-01,combination,296,9.86,7.5,35.8,7.5,4.819,9.742,6.087,2219,0.011,0
SKU-0248,WH-SIN-01,combination,156,5.191,43.2,58.8,43.2,4.267,5.282,4.04,1421,0.079,0
SKU-0249,WH-SIN-01,combination,703,23.443,3.5,66.9,3.5,15.797,24.923,20.188,5956,0.025,0
SKU-0250,WH-SIN-01,combination,2551,85.038,10.7,45.9,-10.7,41.658,69.258,39.379,16875,0.0,0
SKU-0001,WH-JHR-02,seasonal_index,1037,34.578,14.2,50.8,-14.2,28.07,38.6,24.852,9978,0.0,0
SKU-0002,WH-JHR-02,combination,70,2.327,22.4,64.2,22.4,2.033,2.403,1.825,616,0.132,0
SKU-0003,WH-JHR-02,combination,268,8.934,17.3,60.3,-17.3,6.052,7.581,5.901,1877,0.011,0
SKU-0004,WH-JHR-02,combination,1572,52.4,13.5,34.5,13.5,30.19,67.567,38.502,16539,0.0,0
SKU-0005,WH-JHR-02,holt_winters,129,4.298,46.7,59.8,46.7,2.539,3.805,2.498,1037,0.063,0
SKU-0006,WH-JHR-02,combination,47,1.564,33.7,78.9,33.7,1.842,3.403,3.2,759,0.101,0
SKU-0007,WH-JHR-02,ma28,9206,306.857,17.7,34.3,-17.7,135.095,273.279,143.759,64273,0.0,0
SKU-0008,WH-JHR-02,combination,37471,1249.036,22.0,36.7,22.0,852.383,1407.027,837.12,368266,0.0,0
SKU-0009,WH-JHR-02,combination,219,7.302,13.3,55.3,-13.3,4.525,6.195,4.999,1449,0.041,0
SKU-0010,WH-JHR-02,combination,430,14.345,13.4,44.5,-13.4,8.356,14.345,11.03,3258,0.011,0
SKU-0011,WH-JHR-02,combination,423,14.094,20.6,44.8,20.6,9.034,13.57,9.693,3138,0.008,0
SKU-0012,WH-JHR-02,seasonal_index,1359,45.306,60.5,70.3,60.5,39.091,72.214,45.433,19567,0.0,0
SKU-0013,WH-JHR-02,combination,51,1.691,3.3,56.0,3.3,1.906,2.052,1.875,521,0.23,0
SKU-0014,WH-JHR-02,combination,1068,35.59,33.1,46.7,-33.1,16.341,29.614,15.006,7122,0.0,0
SKU-0015,WH-JHR-02,combination,843,28.106,11.7,51.2,11.7,18.533,33.003,23.097,8381,0.0,0
SKU-0016,WH-JHR-02,combination,534,17.812,1.2,43.7,-1.2,14.594,19.66,16.166,4861,0.008,0
SKU-0017,WH-JHR-02,combination,226,7.521,29.6,60.8,29.6,6.885,8.005,5.745,2153,0.008,0
SKU-0018,WH-JHR-02,combination,380,12.666,9.8,43.4,9.8,13.239,17.088,12.738,4546,0.003,0
SKU-0019,WH-JHR-02,seasonal_index,126,4.191,28.0,76.3,28.0,3.334,4.362,3.038,1052,0.052,0
SKU-0020,WH-JHR-02,seasonal_index,134,4.453,13.0,49.7,-13.0,2.725,3.888,2.67,928,0.071,0
SKU-0021,WH-JHR-02,holt_winters,917,30.552,16.5,28.9,16.5,14.402,30.696,15.741,7761,0.0,0
SKU-0022,WH-JHR-02,seasonal_index,218,7.265,3.2,68.2,-3.2,6.899,7.625,6.298,1919,0.049,0
SKU-0023,WH-JHR-02,seasonal_index,141,4.701,3.3,54.5,-3.3,4.485,5.622,4.196,1553,0.041,0
SKU-0024,WH-JHR-02,seasonal_index,1258,41.943,22.2,32.4,22.2,34.975,47.378,28.923,12134,0.0,0
SKU-0025,WH-JHR-02,combination,3004,100.146,33.7,51.3,33.7,76.028,105.214,69.537,27163,0.0,0
SKU-0026,WH-JHR-02,combination,1106,36.874,17.1,47.9,17.1,25.975,35.153,23.927,9397,0.003,0
SKU-0027,WH-JHR-02,combination,957,31.915,8.7,54.4,-8.7,16.942,26.027,16.173,5960,0.0,0
SKU-0028,WH-JHR-02,combination,458,15.279,0.7,34.4,0.7,6.568,13.134,7.401,2838,0.0,0
SKU-0029,WH-JHR-02,combination,317,10.572,13.6,39.6,13.6,7.46,12.099,6.622,3127,0.0,0
SKU-0030,WH-JHR-02,combination,60,1.994,12.3,72.7,12.3,1.933,2.2,2.213,548,0.197,0
SKU-0031,WH-JHR-02,combination,1531,51.027,3.4,29.4,3.4,20.494,49.879,20.549,12376,0.0,0
SKU-0032,WH-JHR-02,combination,351,11.698,13.3,49.9,-13.3,4.375,9.422,7.916,1652,0.027,0
SKU-0033,WH-JHR-02,combination,3172,105.736,2.5,41.6,-2.5,61.122,99.397,71.042,22790,0.0,0
SKU-0034,WH-JHR-02,combination,1232,41.081,25.1,43.7,25.1,21.212,46.088,31.493,10610,0.0,0
SKU-0035,WH-JHR-02,combination,901,30.023,14.4,31.7,-14.4,14.685,28.162,18.618,6543,0.0,0
SKU-0036,WH-JHR-02,seasonal_index,240,8.003,20.9,61.2,20.9,5.891,7.677,5.828,1714,0.025,0
SKU-0037,WH-JHR-02,combination,104,3.472,7.4,68.5,7.4,4.429,4.805,4.129,1195,0.068,0
SKU-0038,WH-JHR-02,combination,2028,67.593,6.7,48.9,-6.7,37.059,65.888,35.491,16918,0.0,0
SKU-0039,WH-JHR-02,combination,417,13.899,31.6,46.1,-31.6,15.666,12.11,12.244,3170,0.022,0
SKU-0040,WH-JHR-02,combination,450,15.016,23.3,43.6,-23.3,7.499,13.085,9.278,3030,0.011,0
SKU-0041,WH-JHR-02,croston_sba,33,1.099,8.7,87.9,8.7,1.322,1.395,1.421,334,0.332,1
SKU-0042,WH-JHR-02,combination,2319,77.293,10.7,44.8,10.7,49.107,87.932,58.812,20237,0.0,0
SKU-0043,WH-JHR-02,seasonal_index,197,6.571,2.4,52.6,-2.4,5.515,7.564,5.534,1921,0.022,0
SKU-0044,WH-JHR-02,combination,67,2.241,0.2,69.1,0.2,2.106,2.332,2.249,569,0.225,0
SKU-0045,WH-JHR-02,seasonal_index,518,17.281,10.9,36.8,-10.9,9.552,20.096,9.708,4955,0.0,0
SKU-0046,WH-JHR-02,seasonal_index,1476,49.213,1.3,30.1,1.3,27.841,61.375,44.735,14810,0.0,0
SKU-0047,WH-JHR-02,combination,186,6.206,3.4,53.2,-3.4,4.331,6.636,5.227,1540,0.063,0
SKU-0048,WH-JHR-02,combination,231,7.699,23.0,56.5,-23.0,5.792,7.296,5.46,1730,0.058,0
SKU-0049,WH-JHR-02,combination,149,4.983,0.7,36.4,0.7,3.926,5.112,3.844,1325,0.085,0
SKU-0050,WH-JHR-02,combination,435,14.489,16.1,55.6,-16.1,9.148,14.526,9.978,4019,0.0,0
SKU-0051,WH-JHR-02,combination,744,24.794,3.4,39.9,3.4,20.028,32.723,20.849,7860,0.0,0
SKU-0052,WH-JHR-02,combination,2600,86.67,3.4,40.1,-3.4,74.048,94.795,67.791,25370,0.0,0
SKU-0053,WH-JHR-02,seasonal_index,68,2.279,27.9,79.5,-27.9,2.069,2.11,1.93,518,0.184,0
SKU-0054,WH-JHR-02,seasonal_index,158,5.269,22.0,51.0,-22.0,4.662,6.682,5.006,1701,0.041,0
SKU-0055,WH-JHR-02,combination,256,8.531,4.8,47.8,-4.8,5.365,9.068,6.262,2071,0.03,0
SKU-0056,WH-JHR-02,combination,1359,45.301,18.5,45.4,-18.5,26.78,39.729,24.206,9584,0.0,0
SKU-0057,WH-JHR-02,combination,417,13.893,10.9,45.4,-10.9,8.74,13.904,7.977,3775,0.003,0
SKU-0058,WH-JHR-02,snaive,7,0.225,37.5,195.8,37.5,0.678,0.381,0.646,91,0.701,1
SKU-0059,WH-JHR-02,snaive,660,21.992,7.3,48.8,-7.3,13.173,17.978,14.226,4026,0.005,0
SKU-0060,WH-JHR-02,combination,2809,93.618,6.2,48.8,6.2,59.41,125.693,79.752,30306,0.0,0
SKU-0061,WH-JHR-02,combination,35,1.177,44.0,118.2,44.0,1.458,1.148,1.43,275,0.414,1
SKU-0062,WH-JHR-02,combination,1714,57.129,34.2,62.4,-34.2,34.958,37.477,32.821,8952,0.0,0
SKU-0063,WH-JHR-02,seasonal_index,90,2.997,16.5,63.7,-16.5,2.675,2.942,2.426,761,0.107,0
SKU-0064,WH-JHR-02,seasonal_index,978,32.603,56.0,64.6,56.0,22.646,30.285,20.227,7324,0.0,0
SKU-0065,WH-JHR-02,combination,47,1.556,5.0,88.7,5.0,1.581,1.833,1.804,429,0.255,0
SKU-0066,WH-JHR-02,seasonal_index,266,8.882,20.0,46.0,-20.0,9.741,14.019,9.163,3730,0.003,0
SKU-0067,WH-JHR-02,combination,3196,106.545,23.0,33.6,-23.0,44.047,106.449,55.543,25682,0.0,0
SKU-0068,WH-JHR-02,combination,439,14.629,26.7,47.4,-26.7,8.588,11.655,8.902,2778,0.025,0
SKU-0069,WH-JHR-02,combination,2160,71.992,47.0,58.1,47.0,72.584,95.871,69.69,25105,0.0,0
SKU-0070,WH-JHR-02,snaive,1017,33.908,6.8,39.7,6.8,18.878,45.077,34.695,9268,0.0,0
SKU-0071,WH-JHR-02,combination,1093,36.423,15.7,52.8,-15.7,19.225,25.984,19.134,6574,0.0,0
SKU-0072,WH-JHR-02,combination,1339,44.638,18.4,41.8,18.4,27.439,45.693,31.298,10552,0.003,0
SKU-0073,WH-JHR-02,combination,1177,39.218,16.9,43.6,-16.9,21.855,41.715,28.885,10108,0.0,0
SKU-0074,WH-JHR-02,holt_winters,451,15.022,16.2,36.8,-16.2,9.11,14.874,12.365,3304,0.019,0
SKU-0075,WH-JHR-02,combination,357,11.911,2.7,33.9,-2.7,6.727,10.57,6.541,2369,0.005,0
SKU-0076,WH-JHR-02,combination,216,7.195,15.7,54.4,-15.7,4.205,6.104,5.867,1400,0.096,0
SKU-0077,WH-JHR-02,seasonal_index,126,4.185,0.4,76.2,0.4,3.062,3.666,3.235,805,0.145,0
SKU-0078,WH-JHR-02,combination,648,21.594,31.2,49.7,31.2,17.057,26.455,19.015,6151,0.0,0
SKU-0079,WH-JHR-02,combination,85,2.821,17.3,65.1,17.3,2.242,2.614,2.177,629,0.14,0
SKU-0080,WH-JHR-02,snaive,1268,42.283,44.5,73.7,44.5,39.68,65.479,39.554,15134,0.0,0
SKU-0081,WH-JHR-02,combination,147,4.905,23.0,46.0,23.0,3.454,5.723,3.601,1426,0.038,0
SKU-0082,WH-JHR-02,combination,855,28.496,10.2,34.9,10.2,16.448,30.904,22.231,7082,0.005,0
SKU-0083,WH-JHR-02,holt_winters,2303,76.781,3.0,34.5,3.0,43.621,85.247,48.344,20693,0.0,0
SKU-0084,WH-JHR-02,seasonal_index,5253,175.111,13.7,48.1,13.7,88.903,139.134,96.534,29565,0.0,0
SKU-0085,WH-JHR-02,combination,895,29.847,11.9,35.6,11.9,15.46,26.178,16.734,5470,0.003,0
SKU-0086,WH-JHR-02,combination,118,3.917,17.7,62.5,-17.7,2.369,3.019,2.484,647,0.074,0
SKU-0087,WH-JHR-02,combination,1213,40.443,18.3,35.3,-18.3,16.722,39.071,18.085,9326,0.0,0
SKU-0088,WH-JHR-02,combination,73,2.418,18.8,72.5,18.8,2.301,2.732,2.532,695,0.164,0
SKU-0089,WH-JHR-02,combination,307,10.229,16.5,38.8,16.5,4.287,8.307,4.809,1769,0.014,0
SKU-0090,WH-JHR-02,combination,5053,168.447,25.2,38.3,-25.2,67.898,127.378,86.119,31286,0.0,0
SKU-0091,WH-JHR-02,combination,1115,37.182,13.1,47.9,-13.1,17.692,31.737,22.102,6708,0.005,0
SKU-0092,WH-JHR-02,combination,52,1.736,43.2,75.3,43.2,1.984,2.348,1.991,592,0.164,0
SKU-0093,WH-JHR-02,combination,169,5.632,21.6,47.1,-21.6,3.222,4.97,3.817,1150,0.06,0
SKU-0094,WH-JHR-02,seasonal_index,296,9.868,19.8,59.6,-19.8,6.48,9.937,6.584,2390,0.03,0
SKU-0095,WH-JHR-02,seasonal_index,84,2.81,21.8,73.1,-21.8,2.698,2.337,2.344,598,0.227,0
SKU-0096,WH-JHR-02,combination,42,1.393,16.7,78.4,16.7,1.784,2.036,1.963,467,0.23,0
SKU-0097,WH-JHR-02,combination,249,8.304,17.7,59.5,-17.7,6.982,7.685,7.489,1894,0.079,0
SKU-0098,WH-JHR-02,combination,3796,126.519,27.1,37.0,-27.1,43.925,93.567,55.312,20292,0.0,0
SKU-0099,WH-JHR-02,combination,871,29.026,4.1,30.0,4.1,16.731,31.447,16.117,8293,0.0,0
SKU-0100,WH-JHR-02,croston_sba,20,0.65,14.9,111.3,-14.9,0.732,0.655,0.865,129,0.551,1
SKU-0101,WH-JHR-02,seasonal_index,235,7.841,32.9,51.3,32.9,7.736,12.263,8.824,3349,0.003,0
SKU-0102,WH-JHR-02,combination,237,7.899,22.7,50.5,22.7,5.677,8.682,5.539,2228,0.019,0
SKU-0103,WH-JHR-02,combination,318,10.612,18.0,34.2,-18.0,5.098,9.427,6.076,2240,0.014,0
SKU-0104,WH-JHR-02,seasonal_index,2491,83.038,3.8,47.9,3.8,72.553,85.395,67.994,23540,0.0,0
SKU-0105,WH-JHR-02,seasonal_index,88,2.945,24.2,66.6,24.2,2.063,2.567,2.306,559,0.156,0
SKU-0106,WH-JHR-02,combination,112,3.747,3.1,60.3,3.1,2.521,2.975,2.444,717,0.126,0
SKU-0107,WH-JHR-02,ma28,570,19.0,13.7,41.7,13.7,11.093,18.408,10.721,4733,0.0,0
SKU-0108,WH-JHR-02,seasonal_index,46,1.543,21.2,93.6,-21.2,2.017,1.515,1.741,371,0.326,1
SKU-0109,WH-JHR-02,combination,3067,102.219,14.5,32.3,-14.5,39.67,99.953,57.937,21396,0.0,0
SKU-0110,WH-JHR-02,combination,696,23.204,21.6,40.4,21.6,14.001,16.367,12.649,4107,0.005,0
SKU-0111,WH-JHR-02,seasonal_index,882,29.39,8.4,40.8,8.4,15.396,27.441,17.263,6454,0.0,0
SKU-0112,WH-JHR-02,seasonal_index,274,9.13,14.5,45.7,-14.5,7.65,10.537,6.758,2839,0.003,0
SKU-0113,WH-JHR-02,combination,677,22.583,15.2,49.0,-15.2,14.292,21.86,17.619,5107,0.008,0
SKU-0114,WH-JHR-02,combination,275,9.166,12.8,44.0,12.8,6.367,9.825,7.901,2094,0.003,0
SKU-0115,WH-JHR-02,combination,629,20.982,31.2,48.9,31.2,11.314,20.51,10.65,5318,0.0,0
SKU-0116,WH-JHR-02,combination,1008,33.588,28.0,48.5,28.0,25.323,37.707,22.487,8543,0.0,0
SKU-0117,WH-JHR-02,combination,1036,34.544,4.4,36.8,4.4,14.496,36.09,15.871,8510,0.0,0
SKU-0118,WH-JHR-02,combination,62,2.082,13.5,71.6,-13.5,1.772,1.899,1.87,436,0.247,0
SKU-0119,WH-JHR-02,seasonal_index,418,13.935,0.6,54.8,0.6,8.715,16.359,10.183,3986,0.0,0
SKU-0120,WH-JHR-02,ma28,177,5.893,5.9,72.2,5.9,5.008,5.227,4.696,1305,0.093,0
SKU-0121,WH-JHR-02,combination,304,10.125,22.6,43.7,22.6,8.221,12.655,8.237,3248,0.008,0
SKU-0122,WH-JHR-02,seasonal_index,650,21.679,15.5,43.2,-15.5,14.978,25.173,14.317,6232,0.003,0
SKU-0123,WH-JHR-02,seasonal_index,142,4.729,1.7,43.5,1.7,3.117,4.51,2.962,1108,0.027,0
SKU-0124,WH-JHR-02,combination,152,5.076,11.1,40.1,-11.1,3.073,4.822,4.037,1088,0.071,0
SKU-0125,WH-JHR-02,combination,2201,73.368,15.7,32.9,15.7,36.653,81.06,42.623,21189,0.0,0
SKU-0126,WH-JHR-02,combination,216,7.206,8.5,32.9,-8.5,3.671,8.323,4.166,1945,0.003,0
SKU-0127,WH-JHR-02,seasonal_index,70,2.32,4.7,82.5,4.7,2.718,2.704,2.614,679,0.214,0
SKU-0128,WH-JHR-02,holt_winters,706,23.54,23.2,37.3,23.2,13.056,27.918,14.484,7552,0.0,0
SKU-0129,WH-JHR-02,combination,1364,45.475,2.2,31.2,2.2,38.072,62.863,35.223,15887,0.0,0
SKU-0130,WH-JHR-02,combination,172,5.723,2.3,56.6,-2.3,4.629,7.37,6.168,1715,0.038,0
SKU-0131,WH-JHR-02,combination,1225,40.848,3.2,40.0,-3.2,20.187,51.981,38.069,10730,0.0,0
SKU-0132,WH-JHR-02,combination,1213,40.436,11.0,35.8,-11.0,17.026,30.896,21.259,6573,0.0,0
SKU-0133,WH-JHR-02,combination,581,19.371,23.4,38.0,23.4,14.568,19.627,13.116,5082,0.011,0
SKU-0134,WH-JHR-02,combination,404,13.478,5.4,53.6,-5.4,10.115,11.636,9.693,2973,0.025,0
SKU-0135,WH-JHR-02,combination,3212,107.082,11.4,38.2,-11.4,53.933,85.041,54.517,21715,0.0,0
SKU-0136,WH-JHR-02,combination,340,11.335,4.6,44.3,4.6,6.46,12.666,7.998,3027,0.003,0
SKU-0137,WH-JHR-02,croston_sba,56,1.874,46.1,82.0,-46.1,1.393,1.532,1.618,321,0.304,1
SKU-0138,WH-JHR-02,combination,3843,128.087,17.2,34.5,-17.2,56.981,98.6,53.944,23738,0.0,0
SKU-0139,WH-JHR-02,combination,640,21.346,1.5,33.7,-1.5,10.671,21.636,10.714,5550,0.0,0
SKU-0140,WH-JHR-02,seasonal_index,551,18.35,17.4,55.4,-17.4,11.844,19.603,11.715,4599,0.003,0
SKU-0141,WH-JHR-02,combination,1151,38.358,10.3,39.2,10.3,17.173,40.378,20.483,8976,0.0,0
SKU-0142,WH-JHR-02,combination,57,1.912,33.7,84.7,33.7,1.634,2.132,1.746,543,0.197,0
SKU-0143,WH-JHR-02,combination,115,3.842,28.1,55.5,28.1,3.201,3.066,3.172,640,0.132,0
SKU-0144,WH-JHR-02,combination,36,1.2,8.3,80.9,8.3,1.259,1.033,1.394,248,0.46,1
SKU-0145,WH-JHR-02,combination,118,3.94,4.6,64.9,4.6,3.455,4.671,3.427,1165,0.036,0
SKU-0146,WH-JHR-02,combination,389,12.957,17.1,53.9,17.1,10.636,13.764,11.437,3140,0.016,0
SKU-0147,WH-JHR-02,combination,360,12.005,18.4,55.6,18.4,7.509,11.181,8.172,2700,0.022,0
SKU-0148,WH-JHR-02,holt_winters,623,20.758,6.7,58.1,-6.7,11.183,17.934,12.135,4263,0.0,0
SKU-0149,WH-JHR-02,seasonal_index,73,2.417,0.6,62.7,0.6,1.984,2.312,2.014,556,0.181,0
SKU-0150,WH-JHR-02,combination,51,1.69,25.3,63.6,-25.3,1.453,1.416,1.522,310,0.304,1
SKU-0151,WH-JHR-02,combination,1671,55.684,18.1,50.1,18.1,34.707,56.907,34.143,14380,0.0,0
SKU-0152,WH-JHR-02,seasonal_index,427,14.239,8.2,47.7,8.2,7.812,13.184,7.709,3082,0.0,0
SKU-0153,WH-JHR-02,combination,1272,42.401,33.8,41.6,-33.8,17.514,37.31,21.108,8043,0.0,0
SKU-0154,WH-JHR-02,combination,959,31.973,19.9,38.1,-19.9,20.281,34.992,20.594,8748,0.0,0
SKU-0155,WH-JHR-02,combination,758,25.257,2.1,47.7,2.1,11.139,22.512,14.548,4636,0.0,0
SKU-0156,WH-JHR-02,seasonal_index,556,18.526,19.1,42.3,-19.1,9.483,16.973,10.422,3946,0.005,0
SKU-0157,WH-JHR-02,seasonal_index,347,11.561,17.5,68.1,-17.5,7.951,10.652,8.469,2437,0.047,0
SKU-0158,WH-JHR-02,combination,497,16.579,4.6,37.0,-4.6,9.776,14.351,9.106,3766,0.003,0
SKU-0159,WH-JHR-02,combination,446,14.875,8.8,47.6,8.8,8.271,15.89,10.308,3743,0.003,0
SKU-0160,WH-JHR-02,seasonal_index,1309,43.64,13.6,62.2,13.6,31.698,41.033,26.941,10446,0.0,0
SKU-0161,WH-JHR-02,seasonal_index,735,24.489,4.1,56.1,4.1,16.616,29.449,18.781,7536,0.003,0
SKU-0162,WH-JHR-02,combination,1190,39.68,10.2,39.9,-10.2,16.724,34.279,21.431,7145,0.0,0
SKU-0163,WH-JHR-02,combination,80,2.672,13.5,57.8,13.5,2.158,3.342,2.821,776,0.134,0
SKU-0164,WH-JHR-02,combination,1144,38.125,23.5,50.0,-23.5,18.027,35.515,24.368,7103,0.0,0
SKU-0165,WH-JHR-02,seasonal_index,190,6.318,25.4,50.9,25.4,4.449,7.874,5.639,1816,0.016,0
SKU-0166,WH-JHR-02,holt_winters,194,6.461,7.9,50.6,-7.9,4.097,5.142,4.733,1303,0.107,0
SKU-0167,WH-JHR-02,combination,2436,81.213,17.2,24.1,17.2,55.742,92.704,48.646,23925,0.0,0
SKU-0168,WH-JHR-02,seasonal_index,152,5.059,5.0,43.4,5.0,2.805,4.545,3.39,1069,0.03,0
SKU-0169,WH-JHR-02,combination,53,1.759,10.4,68.0,10.4,1.685,1.614,1.635,404,0.299,0
SKU-0170,WH-JHR-02,combination,54,1.785,61.1,96.5,61.1,2.523,2.501,2.215,706,0.151,0
SKU-0171,WH-JHR-02,combination,19,0.624,1.4,106.6,1.4,0.998,0.6,0.901,154,0.605,1
SKU-0172,WH-JHR-02,combination,209,6.961,0.3,52.7,0.3,4.416,6.666,4.485,1575,0.011,0
SKU-0173,WH-JHR-02,combination,682,22.74,5.3,50.5,5.3,18.359,22.052,17.662,5804,0.019,0
SKU-0174,WH-JHR-02,seasonal_index,128,4.266,13.0,46.5,-13.0,4.241,5.441,4.064,1480,0.027,0
SKU-0175,WH-JHR-02,combination,560,18.666,9.0,56.4,9.0,13.197,15.704,11.733,4194,0.0,0
SKU-0176,WH-JHR-02,combination,2336,77.85,18.8,46.5,-18.8,39.086,58.732,39.543,12980,0.0,0
SKU-0177,WH-JHR-02,combination,1888,62.92,15.3,58.3,15.3,46.247,73.112,50.322,19502,0.0,0
SKU-0178,WH-JHR-02,seasonal_index,209,6.976,34.0,55.7,34.0,10.495,12.868,9.606,3546,0.005,0
SKU-0179,WH-JHR-02,seasonal_index,4475,149.153,4.2,48.4,-4.2,92.604,148.449,84.939,35504,0.0,0
SKU-0180,WH-JHR-02,combination,2362,78.72,20.6,46.0,-20.6,35.352,62.047,35.273,15629,0.0,0
SKU-0181,WH-JHR-02,combination,203,6.756,5.9,61.5,5.9,5.285,7.449,5.577,1612,0.025,0
SKU-0182,WH-JHR-02,combination,433,14.434,21.2,35.6,-21.2,10.826,13.564,9.519,3085,0.0,0
SKU-0183,WH-JHR-02,combination,68,2.269,12.3,63.6,12.3,2.13,2.044,1.92,494,0.205,0
SKU-0184,WH-JHR-02,seasonal_index,104,3.462,6.8,62.1,-6.8,3.17,3.551,3.442,870,0.153,0
SKU-0185,WH-JHR-02,seasonal_index,677,22.577,18.0,55.4,18.0,18.116,30.997,17.742,7859,0.0,0
SKU-0186,WH-JHR-02,holt_winters,329,10.962,8.9,36.4,-8.9,9.36,13.685,9.119,3225,0.008,0
SKU-0187,WH-JHR-02,combination,1814,60.454,14.2,49.7,-14.2,42.564,53.797,39.318,13522,0.0,0
SKU-0188,WH-JHR-02,combination,169,5.624,12.2,51.5,-12.2,4.068,4.351,3.817,1250,0.074,0
SKU-0189,WH-JHR-02,seasonal_index,2033,67.772,28.4,51.5,-28.4,56.314,78.995,50.768,19889,0.0,0
SKU-0190,WH-JHR-02,seasonal_index,83,2.765,7.7,70.2,7.7,2.455,2.611,2.4,648,0.184,0
SKU-0191,WH-JHR-02,seasonal_index,423,14.093,14.6,53.2,14.6,25.468,17.329,18.886,4979,0.005,0
SKU-0192,WH-JHR-02,combination,149,4.983,6.0,49.6,6.0,3.657,6.016,5.433,1367,0.068,0
SKU-0193,WH-JHR-02,seasonal_index,47,1.558,40.6,100.0,40.6,1.132,1.315,1.31,262,0.315,1
SKU-0194,WH-JHR-02,combination,3647,121.578,17.8,35.6,-17.8,56.123,124.17,60.675,29508,0.0,0
SKU-0195,WH-JHR-02,seasonal_index,425,14.167,9.8,37.0,-9.8,6.415,11.266,6.808,2580,0.003,0
SKU-0196,WH-JHR-02,combination,169,5.635,19.5,49.6,19.5,4.895,7.718,4.844,1997,0.011,0
SKU-0197,WH-JHR-02,holt_winters,57,1.91,14.7,69.2,-14.7,1.479,1.803,1.757,433,0.238,0
SKU-0198,WH-JHR-02,combination,292,9.745,1.9,39.9,-1.9,5.736,10.825,6.772,2362,0.0,0
SKU-0199,WH-JHR-02,combination,602,20.079,3.3,39.9,-3.3,11.183,22.37,14.564,4815,0.0,0
SKU-0200,WH-JHR-02,combination,105,3.492,32.6,65.6,32.6,3.404,4.277,4.009,1001,0.115,0
SKU-0201,WH-JHR-02,snaive,1014,33.792,4.6,26.7,-4.6,18.093,38.764,16.281,9051,0.0,0
SKU-0202,WH-JHR-02,combination,524,17.471,29.4,61.7,-29.4,14.459,20.192,13.536,5536,0.0,0
SKU-0203,WH-JHR-02,combination,1883,62.77,13.4,28.5,13.4,34.572,68.082,31.306,18479,0.0,0
SKU-0204,WH-JHR-02,seasonal_index,383,12.771,15.9,56.1,-15.9,6.69,10.077,7.409,2239,0.014,0
SKU-0205,WH-JHR-02,combination,45,1.491,28.9,75.1,28.9,1.437,1.573,1.487,369,0.274,0
SKU-0206,WH-JHR-02,combination,765,25.507,23.0,46.8,-23.0,15.157,22.038,15.841,5259,0.005,0
SKU-0207,WH-JHR-02,seasonal_index,277,9.226,16.5,42.9,16.5,5.227,11.395,6.44,2824,0.0,0
SKU-0208,WH-JHR-02,holt_winters,199,6.641,12.0,47.8,12.0,5.181,9.268,7.842,2016,0.03,0
SKU-0209,WH-JHR-02,seasonal_index,650,21.672,41.4,64.4,41.4,23.351,29.173,19.247,7884,0.0,0
SKU-0210,WH-JHR-02,combination,235,7.831,14.2,50.8,14.2,4.449,8.679,5.45,1922,0.005,0
SKU-0211,WH-JHR-02,combination,289,9.641,4.6,30.9,4.6,6.25,10.016,6.448,2676,0.011,0
SKU-0212,WH-JHR-02,ma28,1129,37.643,9.7,59.5,9.7,28.588,47.619,33.382,11322,0.003,0
SKU-0213,WH-JHR-02,combination,9174,305.798,5.2,34.5,-5.2,135.189,255.386,135.07,62745,0.0,0
SKU-0214,WH-JHR-02,combination,1031,34.381,28.4,44.1,28.4,21.848,35.964,20.965,8976,0.0,0
SKU-0215,WH-JHR-02,seasonal_index,276,9.202,21.5,59.5,-21.5,8.716,11.655,8.636,2811,0.011,0
SKU-0216,WH-JHR-02,holt_winters,4689,156.284,13.6,37.4,-13.6,78.901,145.315,94.13,36175,0.0,0
SKU-0217,WH-JHR-02,combination,211,7.049,14.3,41.6,14.3,5.93,8.274,5.507,2290,0.008,0
SKU-0218,WH-JHR-02,combination,539,17.976,22.5,45.2,-22.5,9.652,19.512,11.92,4387,0.0,0
SKU-0219,WH-JHR-02,seasonal_index,654,21.784,3.7,33.5,3.7,7.983,16.882,13.098,3426,0.0,0
SKU-0220,WH-JHR-02,holt_winters,298,9.929,7.5,33.6,-7.5,5.02,9.775,7.268,2311,0.058,0
SKU-0221,WH-JHR-02,combination,66,2.199,6.7,60.8,6.7,1.994,2.595,2.408,618,0.219,0
SKU-0222,WH-JHR-02,seasonal_index,71,2.354,9.7,79.2,-9.7,2.331,2.37,2.176,617,0.178,0
SKU-0223,WH-JHR-02,croston_sba,9,0.292,25.8,129.7,-25.8,0.684,0.345,0.621,90,0.723,1
SKU-0224,WH-JHR-02,combination,76,2.55,11.2,60.3,11.2,1.802,2.726,2.334,566,0.153,0
SKU-0225,WH-JHR-02,holt_winters,171,5.706,14.6,44.2,14.6,5.516,5.825,5.565,1514,0.093,0
SKU-0226,WH-JHR-02,ma28,200,6.679,40.4,56.7,-40.4,4.496,7.156,6.052,1630,0.03,0
SKU-0227,WH-JHR-02,combination,2636,87.866,38.4,66.7,38.4,67.909,113.367,73.952,28315,0.0,0
SKU-0228,WH-JHR-02,combination,1648,54.941,10.5,31.4,-10.5,20.618,46.195,21.423,10811,0.0,0
SKU-0229,WH-JHR-02,combination,70,2.331,7.7,59.8,7.7,1.994,2.764,2.357,711,0.145,0
SKU-0230,WH-JHR-02,seasonal_index,327,10.905,34.3,50.9,34.3,8.484,13.071,8.484,3283,0.0,0
SKU-0231,WH-JHR-02,snaive,217,7.233,7.1,38.7,-7.1,6.028,9.732,6.251,2247,0.005,0
SKU-0232,WH-JHR-02,combination,208,6.941,35.3,63.0,35.3,4.873,6.611,5.038,1544,0.066,0
SKU-0233,WH-JHR-02,combination,394,13.144,4.0,49.4,4.0,9.912,11.096,8.844,3146,0.019,0
SKU-0234,WH-JHR-02,holt_winters,344,11.461,31.7,56.6,-31.7,8.68,11.781,9.148,2947,0.025,0
SKU-0235,WH-JHR-02,combination,308,10.257,22.2,50.9,-22.2,4.713,8.712,6.677,1807,0.011,0
SKU-0236,WH-JHR-02,combination,3413,113.782,0.4,45.0,0.4,79.672,110.09,70.629,29068,0.0,0
SKU-0237,WH-JHR-02,seasonal_index,92,3.078,40.2,81.4,40.2,2.44,3.781,2.856,857,0.052,0
SKU-0238,WH-JHR-02,combination,1474,49.148,6.0,29.1,6.0,23.691,54.066,26.972,13465,0.0,0
SKU-0239,WH-JHR-02,combination,7037,234.58,9.6,40.7,9.6,155.827,329.244,189.628,78427,0.0,0
SKU-0240,WH-JHR-02,ma28,405,13.5,18.9,42.1,-18.9,8.128,13.718,8.59,3025,0.0,0
SKU-0241,WH-JHR-02,seasonal_index,4635,154.484,7.8,37.6,-7.8,71.89,151.247,94.611,35378,0.0,0
SKU-0242,WH-JHR-02,combination,851,28.368,33.3,63.5,33.3,22.005,31.773,19.077,8088,0.0,0
SKU-0243,WH-JHR-02,seasonal_index,465,15.491,0.5,54.9,0.5,10.805,14.011,10.361,3359,0.005,0
SKU-0244,WH-JHR-02,seasonal_index,264,8.785,6.0,50.1,-6.0,5.261,8.797,5.711,2024,0.008,0
SKU-0245,WH-JHR-02,combination,213,7.095,9.1,58.3,9.1,5.177,7.118,4.86,1869,0.033,0
SKU-0246,WH-JHR-02,combination,398,13.274,6.3,30.6,6.3,7.136,12.466,6.964,2994,0.0,0
SKU-0247,WH-JHR-02,combination,170,5.678,8.9,46.9,8.9,3.393,6.019,3.975,1364,0.033,0
SKU-0248,WH-JHR-02,combination,125,4.177,9.2,53.0,9.2,3.441,4.384,3.475,1142,0.126,0
SKU-0249,WH-JHR-02,combination,292,9.73,19.0,56.8,19.0,8.658,12.405,11.872,2658,0.041,0
SKU-0250,WH-JHR-02,seasonal_index,1092,36.407,22.8,42.4,22.8,26.141,35.329,22.434,8982,0.0,0
SKU-0001,WH-BTM-03,seasonal_index,610,20.325,7.8,47.9,-7.8,18.438,21.775,16.063,5589,0.0,0
SKU-0002,WH-BTM-03,combination,62,2.056,12.3,66.4,-12.3,1.612,1.666,1.463,427,0.227,0
SKU-0003,WH-BTM-03,seasonal_index,194,6.483,0.1,57.0,-0.1,4.572,6.844,4.189,1772,0.025,0
SKU-0004,WH-BTM-03,combination,800,26.651,14.8,41.7,14.8,14.427,29.995,15.039,7364,0.0,0
SKU-0005,WH-BTM-03,combination,118,3.943,11.4,49.2,11.4,3.776,4.373,3.577,1234,0.047,0
SKU-0006,WH-BTM-03,combination,49,1.64,26.5,97.1,26.5,1.755,2.608,2.169,634,0.162,0
SKU-0007,WH-BTM-03,combination,4818,160.616,4.1,30.7,-4.1,76.259,144.726,75.022,35069,0.0,0
SKU-0008,WH-BTM-03,combination,20038,667.934,46.3,58.3,46.3,517.954,734.304,474.043,189165,0.0,0
SKU-0009,WH-BTM-03,snaive,198,6.608,9.5,58.9,-9.5,3.845,4.693,3.757,1083,0.063,0
SKU-0010,WH-BTM-03,seasonal_index,296,9.88,3.5,46.3,3.5,7.107,9.789,6.718,2376,0.011,0
SKU-0011,WH-BTM-03,combination,185,6.155,6.6,41.4,6.6,3.823,6.2,6.077,1350,0.093,0
SKU-0012,WH-BTM-03,seasonal_index,1218,40.595,68.8,86.8,68.8,30.735,67.822,39.291,17972,0.0,0
SKU-0013,WH-BTM-03,combination,50,1.67,4.6,69.8,-4.6,1.631,1.633,1.781,404,0.29,0
SKU-0014,WH-BTM-03,combination,786,26.212,2.3,30.0,-2.3,14.461,27.573,17.471,6401,0.0,0
SKU-0015,WH-BTM-03,combination,880,29.319,8.1,51.3,-8.1,19.55,32.23,21.329,7665,0.0,0
SKU-0016,WH-BTM-03,combination,398,13.257,2.3,48.3,2.3,7.815,14.066,9.505,3309,0.005,0
SKU-0017,WH-BTM-03,combination,167,5.552,11.8,46.1,11.8,4.129,6.227,3.68,1631,0.016,0
SKU-0018,WH-BTM-03,seasonal_index,244,8.128,0.7,57.5,0.7,7.595,10.874,7.753,2676,0.003,0
SKU-0019,WH-BTM-03,seasonal_index,175,5.836,1.3,48.5,1.3,3.42,4.671,3.192,1127,0.055,0
SKU-0020,WH-BTM-03,combination,96,3.19,30.2,55.4,30.2,3.0,3.211,2.93,772,0.121,0
SKU-0021,WH-BTM-03,seasonal_index,682,22.717,16.8,33.1,-16.8,10.776,21.759,9.954,5540,0.0,0
SKU-0022,WH-BTM-03,seasonal_index,133,4.443,10.3,71.4,10.3,4.247,5.559,4.991,1413,0.093,0
SKU-0023,WH-BTM-03,seasonal_index,122,4.08,0.5,61.9,-0.5,4.277,4.781,3.799,1371,0.049,0
SKU-0024,WH-BTM-03,snaive,958,31.942,13.9,41.5,-13.9,15.541,31.69,13.647,7694,0.0,0
SKU-0025,WH-BTM-03,seasonal_index,2211,73.701,2.8,44.4,2.8,43.142,73.249,43.149,17910,0.0,0
SKU-0026,WH-BTM-03,combination,538,17.927,40.9,70.5,40.9,15.435,18.677,13.614,5094,0.003,0
SKU-0027,WH-BTM-03,combination,623,20.752,16.7,55.2,-16.7,10.463,16.707,10.839,3905,0.003,0
SKU-0028,WH-BTM-03,seasonal_index,618,20.593,6.4,39.0,-6.4,9.312,16.534,9.303,3728,0.0,0
SKU-0029,WH-BTM-03,combination,193,6.422,10.6,35.5,10.6,3.549,6.778,3.856,1706,0.005,0
SKU-0030,WH-BTM-03,combination,62,2.054,14.7,79.7,-14.7,2.262,2.151,2.167,544,0.236,0
SKU-0031,WH-BTM-03,seasonal_index,1399,46.632,9.8,39.6,-9.8,22.349,44.411,21.109,10761,0.0,0
SKU-0032,WH-BTM-03,combination,222,7.392,14.3,50.3,14.3,3.791,6.849,5.415,1318,0.03,0
SKU-0033,WH-BTM-03,combination,4102,136.73,31.4,55.7,-31.4,74.779,100.633,79.182,25031,0.0,0
SKU-0034,WH-BTM-03,combination,930,30.996,0.2,39.7,-0.2,15.043,32.874,21.311,7348,0.0,0
SKU-0035,WH-BTM-03,seasonal_index,536,17.874,8.6,41.7,-8.6,10.383,16.397,10.539,3860,0.003,0
SKU-0036,WH-BTM-03,combination,177,5.915,8.3,56.9,-8.3,3.594,5.964,4.74,1179,0.041,0
SKU-0037,WH-BTM-03,seasonal_index,56,1.883,6.4,64.4,6.4,2.091,3.016,2.564,755,0.14,0
SKU-0038,WH-BTM-03,seasonal_index,1177,39.242,17.0,39.4,17.0,30.081,51.658,29.316,13010,0.0,0
SKU-0039,WH-BTM-03,combination,280,9.317,70.4,76.6,70.4,8.484,9.877,8.099,2502,0.044,0
SKU-0040,WH-BTM-03,combination,458,15.282,0.0,41.4,0.0,8.539,13.668,9.191,3175,0.008,0
SKU-0041,WH-BTM-03,croston_sba,21,0.691,18.1,94.5,-18.1,1.23,0.967,1.186,237,0.433,1
SKU-0042,WH-BTM-03,combination,1962,65.411,4.1,47.8,-4.1,38.55,56.616,37.126,13229,0.0,0
SKU-0043,WH-BTM-03,combination,226,7.525,6.7,54.1,6.7,7.238,9.074,7.12,2205,0.022,0
SKU-0044,WH-BTM-03,seasonal_index,53,1.783,18.5,81.4,-18.5,1.832,1.63,1.778,404,0.296,0
SKU-0045,WH-BTM-03,combination,327,10.885,0.3,30.6,0.3,6.293,13.553,7.182,3211,0.0,0
SKU-0046,WH-BTM-03,seasonal_index,1300,43.317,16.3,37.7,-16.3,21.76,41.54,20.229,10546,0.0,0
SKU-0047,WH-BTM-03,holt_winters,139,4.646,29.8,61.8,29.8,4.1,5.57,4.717,1348,0.074,0
SKU-0048,WH-BTM-03,combination,150,5.013,14.6,59.5,14.6,3.939,4.77,3.946,1172,0.115,0
SKU-0049,WH-BTM-03,combination,93,3.11,13.1,50.7,13.1,3.109,3.474,2.994,952,0.14,0
SKU-0050,WH-BTM-03,seasonal_index,267,8.885,11.7,39.6,-11.7,7.275,11.479,7.08,3133,0.005,0
SKU-0051,WH-BTM-03,combination,378,12.609,12.6,51.3,-12.6,9.881,16.827,11.576,3829,0.0,0
SKU-0052,WH-BTM-03,combination,1642,54.739,23.7,62.5,23.7,53.677,68.392,46.29,18551,0.0,0
SKU-0053,WH-BTM-03,seasonal_index,24,0.796,66.8,140.5,66.8,1.077,0.929,1.064,222,0.427,1
SKU-0054,WH-BTM-03,seasonal_index,112,3.718,17.8,68.6,17.8,3.186,3.907,3.479,963,0.11,0
SKU-0055,WH-BTM-03,seasonal_index,214,7.122,14.9,55.0,14.9,5.038,7.537,5.133,1899,0.036,0
SKU-0056,WH-BTM-03,combination,1129,37.625,5.9,42.4,-5.9,23.513,34.433,20.82,8197,0.0,0
SKU-0057,WH-BTM-03,seasonal_index,244,8.147,3.6,35.6,-3.6,5.542,10.26,5.636,2574,0.0,0
SKU-0058,WH-BTM-03,croston_sba,12,0.416,87.6,212.6,87.6,0.787,0.444,0.774,97,0.696,1
SKU-0059,WH-BTM-03,combination,558,18.613,8.1,55.0,-8.1,10.887,14.707,11.319,3271,0.008,0
SKU-0060,WH-BTM-03,ma28,2169,72.286,1.1,36.7,-1.1,46.998,95.701,60.798,22108,0.0,0
SKU-0061,WH-BTM-03,combination,33,1.112,1.2,84.3,1.2,1.198,0.866,1.207,204,0.493,1
SKU-0062,WH-BTM-03,combination,895,29.83,2.6,43.5,2.6,17.427,27.973,18.016,6457,0.003,0
SKU-0063,WH-BTM-03,ma28,43,1.429,49.5,100.7,49.5,1.599,1.704,1.605,423,0.258,0
SKU-0064,WH-BTM-03,combination,382,12.744,4.3,44.7,4.3,8.119,14.803,8.777,3630,0.0,0
SKU-0065,WH-BTM-03,holt_winters,35,1.167,32.0,92.2,32.0,1.443,1.551,1.87,323,0.334,1
SKU-0066,WH-BTM-03,combination,428,14.264,6.6,44.8,-6.6,11.276,14.184,9.635,3848,0.014,0
SKU-0067,WH-BTM-03,combination,2218,73.923,13.1,30.3,13.1,32.837,83.923,39.686,19534,0.0,0
SKU-0068,WH-BTM-03,snaive,434,14.458,15.3,45.7,-15.3,12.27,13.581,10.41,3230,0.025,0
SKU-0069,WH-BTM-03,combination,1707,56.896,27.2,50.8,27.2,46.551,70.044,45.01,19208,0.0,0
SKU-0070,WH-BTM-03,combination,1078,35.931,6.8,38.8,-6.8,15.989,39.54,21.363,8548,0.0,0
SKU-0071,WH-BTM-03,combination,461,15.366,1.3,41.1,-1.3,10.111,14.726,9.421,3618,0.005,0
SKU-0072,WH-BTM-03,seasonal_index,1688,56.276,15.0,65.2,15.0,40.15,54.088,42.437,12761,0.0,0
SKU-0073,WH-BTM-03,seasonal_index,797,26.559,16.0,65.1,-16.0,21.301,28.671,22.188,7271,0.0,0
SKU-0074,WH-BTM-03,combination,420,13.998,13.4,41.2,13.4,11.879,14.392,13.883,3163,0.016,0
SKU-0075,WH-BTM-03,combination,302,10.064,10.1,30.9,10.1,4.221,8.115,4.527,1906,0.003,0
SKU-0076,WH-BTM-03,seasonal_index,238,7.919,20.9,76.9,20.9,5.935,6.762,5.888,1565,0.052,0
SKU-0077,WH-BTM-03,combination,109,3.622,11.7,57.7,-11.7,2.403,3.279,2.985,699,0.156,0
SKU-0078,WH-BTM-03,seasonal_index,486,16.192,5.7,48.8,-5.7,9.224,15.704,12.949,3644,0.014,0
SKU-0079,WH-BTM-03,seasonal_index,68,2.267,9.6,67.2,9.6,1.996,2.43,1.941,594,0.153,0
SKU-0080,WH-BTM-03,combination,1512,50.413,16.7,60.3,16.7,48.185,68.252,50.903,15673,0.0,0
SKU-0081,WH-BTM-03,combination,120,3.994,3.2,49.8,-3.2,3.801,4.419,3.419,1134,0.066,0
SKU-0082,WH-BTM-03,seasonal_index,582,19.4,23.7,67.0,23.7,12.435,19.885,13.6,4753,0.003,0
SKU-0083,WH-BTM-03,combination,1762,58.74,13.0,37.6,13.0,41.357,72.97,41.679,18148,0.0,0
SKU-0084,WH-BTM-03,seasonal_index,3865,128.827,3.0,38.4,-3.0,70.94,111.096,72.258,24618,0.0,0
SKU-0085,WH-BTM-03,combination,862,28.723,18.0,33.3,-18.0,11.192,24.241,14.434,5251,0.0,0
SKU-0086,WH-BTM-03,seasonal_index,71,2.358,34.6,78.2,34.6,1.718,2.132,1.737,469,0.189,0
SKU-0087,WH-BTM-03,seasonal_index,913,30.418,19.1,47.5,19.1,17.065,31.282,16.927,7401,0.0,0
SKU-0088,WH-BTM-03,combination,89,2.958,8.9,68.8,8.9,3.011,3.704,2.907,981,0.079,0
SKU-0089,WH-BTM-03,combination,339,11.314,1.1,32.1,1.1,4.078,9.732,5.624,2069,0.0,0
SKU-0090,WH-BTM-03,combination,2920,97.319,2.6,35.8,-2.6,39.869,85.696,42.045,19780,0.0,0
SKU-0091,WH-BTM-03,combination,1266,42.187,27.3,36.8,-27.3,22.273,33.09,23.683,7396,0.003,0
SKU-0092,WH-BTM-03,combination,64,2.13,25.3,81.5,-25.3,1.831,2.175,2.17,491,0.186,0
SKU-0093,WH-BTM-03,seasonal_index,148,4.939,12.0,60.6,-12.0,3.545,4.551,3.557,1082,0.068,0
SKU-0094,WH-BTM-03,combination,284,9.459,1.9,52.0,1.9,7.139,9.91,7.843,2440,0.044,0
SKU-0095,WH-BTM-03,combination,69,2.284,6.6,64.1,-6.6,2.774,2.43,2.536,611,0.222,0
SKU-0096,WH-BTM-03,combination,55,1.841,49.1,103.7,49.1,2.225,2.11,2.082,512,0.258,0
SKU-0097,WH-BTM-03,seasonal_index,273,9.106,20.5,66.6,20.5,9.775,8.89,8.769,2131,0.036,0
SKU-0098,WH-BTM-03,combination,2680,89.34,2.1,31.3,-2.1,37.059,80.23,41.665,17512,0.0,0
SKU-0099,WH-BTM-03,combination,463,15.431,19.4,44.1,19.4,11.262,18.416,10.894,4910,0.0,0
SKU-0100,WH-BTM-03,combination,20,0.664,39.4,89.8,-39.4,0.617,0.468,0.732,103,0.652,1
SKU-0101,WH-BTM-03,seasonal_index,218,7.265,41.6,60.8,41.6,8.349,13.296,8.798,3554,0.0,0
SKU-0102,WH-BTM-03,seasonal_index,94,3.146,5.5,69.8,-5.5,2.463,3.537,2.382,870,0.074,0
SKU-0103,WH-BTM-03,holt_winters,399,13.296,3.8,31.7,-3.8,5.593,11.479,7.662,2782,0.019,0
SKU-0104,WH-BTM-03,seasonal_index,1710,57.012,9.7,55.6,-9.7,53.918,59.181,46.551,15985,0.0,0
SKU-0105,WH-BTM-03,combination,49,1.646,20.1,74.3,-20.1,1.483,1.6,1.521,376,0.263,0
SKU-0106,WH-BTM-03,combination,76,2.544,32.1,66.8,32.1,2.417,2.641,2.393,616,0.151,0
SKU-0107,WH-BTM-03,combination,585,19.507,3.7,38.8,3.7,12.666,19.775,11.741,5038,0.0,0
SKU-0108,WH-BTM-03,combination,78,2.616,35.9,61.5,-35.9,1.877,1.885,1.955,481,0.279,0
SKU-0109,WH-BTM-03,snaive,2147,71.558,25.2,40.0,-25.2,38.43,74.86,42.526,15892,0.0,0
SKU-0110,WH-BTM-03,combination,931,31.022,1.8,41.1,1.8,17.237,21.948,16.293,5507,0.0,0
SKU-0111,WH-BTM-03,seasonal_index,710,23.661,15.4,50.3,15.4,18.331,24.416,15.742,6054,0.005,0
SKU-0112,WH-BTM-03,combination,152,5.074,42.5,60.1,42.5,5.203,7.027,4.696,1908,0.014,0
SKU-0113,WH-BTM-03,combination,265,8.819,24.3,63.7,24.3,6.258,9.879,8.34,2214,0.036,0
SKU-0114,WH-BTM-03,snaive,260,8.675,0.3,54.0,0.3,6.315,10.178,6.958,2241,0.022,0
SKU-0115,WH-BTM-03,seasonal_index,451,15.044,17.6,54.8,17.6,10.51,15.121,9.473,4027,0.0,0
SKU-0116,WH-BTM-03,combination,750,24.993,26.9,55.9,26.9,14.437,26.37,15.714,5902,0.0,0
SKU-0117,WH-BTM-03,combination,720,24.0,0.7,29.8,-0.7,12.633,24.518,13.481,5797,0.0,0
SKU-0118,WH-BTM-03,combination,44,1.472,2.6,83.0,-2.6,1.573,1.449,1.512,347,0.296,0
SKU-0119,WH-BTM-03,combination,336,11.206,8.3,38.7,-8.3,8.291,12.589,8.645,2996,0.005,0
SKU-0120,WH-BTM-03,combination,121,4.037,17.0,67.7,17.0,3.698,3.562,3.318,882,0.123,0
SKU-0121,WH-BTM-03,combination,322,10.735,1.4,40.3,-1.4,7.078,11.386,7.038,2931,0.014,0
SKU-0122,WH-BTM-03,combination,496,16.535,5.1,34.0,-5.1,10.377,18.255,10.722,4518,0.003,0
SKU-0123,WH-BTM-03,combination,230,7.666,2.3,28.9,2.3,2.934,6.29,4.042,1444,0.016,0
SKU-0124,WH-BTM-03,combination,196,6.543,27.8,51.4,27.8,5.061,6.211,4.96,1525,0.066,0
SKU-0125,WH-BTM-03,combination,3031,101.045,5.8,33.2,5.8,58.227,108.756,57.591,29615,0.0,0
SKU-0126,WH-BTM-03,ma28,146,4.857,8.6,50.5,8.6,3.067,5.953,3.81,1354,0.011,0
SKU-0127,WH-BTM-03,holt_winters,59,1.983,1.5,64.5,-1.5,2.184,2.43,2.644,582,0.288,0
SKU-0128,WH-BTM-03,combination,483,16.089,12.2,40.3,-12.2,9.086,16.06,8.428,4426,0.0,0
SKU-0129,WH-BTM-03,seasonal_index,932,31.051,19.5,35.9,19.5,15.601,42.011,21.259,10095,0.0,0
SKU-0130,WH-BTM-03,combination,117,3.891,16.3,58.4,16.3,3.629,4.833,3.939,1153,0.093,0
SKU-0131,WH-BTM-03,combination,1273,42.442,10.5,44.9,10.5,22.435,50.397,34.249,11521,0.0,0
SKU-0132,WH-BTM-03,combination,972,32.39,1.8,43.3,1.8,14.084,25.112,19.814,5112,0.0,0
SKU-0133,WH-BTM-03,combination,317,10.562,19.3,47.8,-19.3,6.779,9.584,6.668,2508,0.014,0
SKU-0134,WH-BTM-03,seasonal_index,300,10.0,12.6,71.2,12.6,9.669,11.079,9.198,2730,0.041,0
SKU-0135,WH-BTM-03,combination,2013,67.105,9.2,41.2,-9.2,33.94,59.416,37.087,14231,0.0,0
SKU-0136,WH-BTM-03,combination,248,8.276,19.6,54.8,19.6,6.198,10.496,7.458,2495,0.003,0
SKU-0137,WH-BTM-03,croston_sba,24,0.802,7.4,100.0,7.4,0.771,0.74,0.905,158,0.499,1
SKU-0138,WH-BTM-03,combination,1927,64.247,10.7,40.8,-10.7,33.246,61.058,36.6,13656,0.0,0
SKU-0139,WH-BTM-03,seasonal_index,748,24.94,5.0,26.8,5.0,18.182,27.455,16.393,7019,0.0,0
SKU-0140,WH-BTM-03,combination,566,18.869,5.8,40.8,5.8,11.772,20.967,12.781,4824,0.0,0
SKU-0141,WH-BTM-03,seasonal_index,943,31.426,11.8,36.6,11.8,10.343,28.197,13.23,6434,0.0,0
SKU-0142,WH-BTM-03,seasonal_index,60,2.004,18.9,75.4,-18.9,2.198,1.66,1.871,440,0.263,0
SKU-0143,WH-BTM-03,combination,80,2.673,0.5,63.7,0.5,1.935,2.236,2.184,468,0.225,0
SKU-0144,WH-BTM-03,croston_sba,16,0.519,27.8,125.6,27.8,0.963,0.647,0.907,164,0.553,1
SKU-0145,WH-BTM-03,seasonal_index,119,3.952,1.5,55.2,1.5,3.496,4.704,3.176,1190,0.027,0
SKU-0146,WH-BTM-03,combination,317,10.552,16.8,42.0,16.8,7.158,10.959,9.212,2571,0.036,0
SKU-0147,WH-BTM-03,combination,196,6.532,23.7,54.2,23.7,4.648,6.414,5.196,1452,0.077,0
SKU-0148,WH-BTM-03,combination,484,16.128,7.5,39.2,7.5,9.722,15.647,9.615,3849,0.0,0
SKU-0149,WH-BTM-03,croston_sba,35,1.176,18.6,56.6,-18.6,1.363,1.285,1.359,317,0.356,1
SKU-0150,WH-BTM-03,seasonal_index,45,1.487,5.9,81.2,5.9,1.061,1.104,1.34,227,0.4,1
SKU-0151,WH-BTM-03,combination,1340,44.678,3.9,36.0,3.9,25.281,44.027,25.118,11493,0.0,0
SKU-0152,WH-BTM-03,snaive,353,11.775,1.0,40.6,1.0,7.922,14.014,7.848,3189,0.0,0
SKU-0153,WH-BTM-03,combination,1011,33.701,25.9,42.8,-25.9,14.962,31.107,17.62,6726,0.0,0
SKU-0154,WH-BTM-03,combination,390,12.989,5.1,40.9,5.1,8.487,17.296,10.609,4039,0.0,0
SKU-0155,WH-BTM-03,combination,441,14.705,5.8,43.7,5.8,7.573,13.677,11.233,2933,0.003,0
SKU-0156,WH-BTM-03,combination,431,14.372,23.5,48.8,-23.5,6.804,12.693,7.795,3000,0.014,0
SKU-0157,WH-BTM-03,snaive,212,7.05,16.3,62.8,16.3,6.388,7.679,5.61,1817,0.063,0
SKU-0158,WH-BTM-03,combination,469,15.626,17.9,44.4,17.9,9.018,15.49,10.243,3976,0.003,0
SKU-0159,WH-BTM-03,combination,241,8.042,20.6,50.9,20.6,4.733,8.471,5.072,1947,0.003,0
SKU-0160,WH-BTM-03,seasonal_index,839,27.955,0.6,38.9,-0.6,16.585,30.315,16.246,7550,0.0,0
SKU-0161,WH-BTM-03,seasonal_index,478,15.934,38.0,67.3,38.0,11.91,20.893,13.369,5152,0.003,0
SKU-0162,WH-BTM-03,combination,1055,35.173,10.2,39.1,-10.2,15.972,29.638,21.29,5983,0.0,0
SKU-0163,WH-BTM-03,combination,106,3.524,12.4,55.3,-12.4,2.118,3.129,2.56,692,0.156,0
SKU-0164,WH-BTM-03,combination,950,31.673,32.9,50.8,-32.9,17.61,25.318,18.971,5400,0.005,0
SKU-0165,WH-BTM-03,combination,159,5.287,14.5,61.7,14.5,3.965,6.542,4.357,1511,0.019,0
SKU-0166,WH-BTM-03,holt_winters,192,6.388,21.9,51.7,-21.9,3.351,5.436,4.198,1265,0.096,0
SKU-0167,WH-BTM-03,seasonal_index,1879,62.623,8.0,26.6,8.0,59.118,85.307,48.858,22150,0.0,0
SKU-0168,WH-BTM-03,combination,130,4.319,11.0,61.1,11.0,3.622,3.849,3.247,958,0.055,0
SKU-0169,WH-BTM-03,combination,52,1.725,6.1,64.6,-6.1,1.479,1.57,1.601,368,0.307,1
SKU-0170,WH-BTM-03,combination,69,2.297,13.3,75.1,13.3,2.838,2.384,2.398,699,0.148,0
SKU-0171,WH-BTM-03,croston_sba,22,0.737,25.7,125.1,25.7,1.016,0.742,0.972,180,0.534,1
SKU-0172,WH-BTM-03,combination,187,6.23,3.1,39.2,3.1,3.879,4.715,3.622,1147,0.044,0
SKU-0173,WH-BTM-03,seasonal_index,487,16.227,17.3,70.1,-17.3,16.852,18.693,15.331,4763,0.016,0
SKU-0174,WH-BTM-03,combination,130,4.326,27.6,53.7,27.6,3.408,4.729,3.262,1305,0.049,0
SKU-0175,WH-BTM-03,seasonal_index,607,20.23,18.1,55.3,18.1,20.529,24.737,18.302,6430,0.0,0
SKU-0176,WH-BTM-03,combination,1714,57.13,16.3,38.6,-16.3,23.003,50.458,29.187,10622,0.0,0
SKU-0177,WH-BTM-03,combination,2002,66.723,2.3,50.7,2.3,46.353,80.751,45.489,20552,0.0,0
SKU-0178,WH-BTM-03,seasonal_index,140,4.665,3.8,53.5,3.8,8.104,9.559,7.544,2680,0.014,0
SKU-0179,WH-BTM-03,combination,4135,137.818,12.8,37.6,12.8,70.081,139.888,69.058,32490,0.0,0
SKU-0180,WH-BTM-03,combination,1149,38.289,13.9,49.6,-13.9,18.658,35.055,21.06,8048,0.0,0
SKU-0181,WH-BTM-03,combination,271,9.031,8.7,63.2,-8.7,5.365,8.268,6.89,1878,0.005,0
SKU-0182,WH-BTM-03,combination,230,7.678,3.6,41.6,3.6,3.959,7.51,4.298,1726,0.003,0
SKU-0183,WH-BTM-03,combination,72,2.388,6.2,85.2,-6.2,1.931,1.986,1.8,442,0.203,0
SKU-0184,WH-BTM-03,seasonal_index,66,2.216,5.1,74.0,5.1,2.695,2.26,2.342,586,0.241,0
SKU-0185,WH-BTM-03,combination,438,14.614,8.4,61.5,8.4,11.443,17.008,11.457,4163,0.003,0
SKU-0186,WH-BTM-03,combination,207,6.89,15.9,45.0,15.9,5.502,8.682,5.739,2105,0.016,0
SKU-0187,WH-BTM-03,combination,1470,48.985,5.8,35.9,5.8,36.984,52.34,37.571,12981,0.0,0
SKU-0188,WH-BTM-03,snaive,138,4.6,16.3,48.9,16.3,3.309,3.718,2.914,1037,0.104,0
SKU-0189,WH-BTM-03,combination,1447,48.227,5.9,51.2,5.9,35.001,58.926,46.565,14314,0.0,0
SKU-0190,WH-BTM-03,combination,32,1.057,13.5,90.5,13.5,1.635,1.285,1.523,333,0.397,1
SKU-0191,WH-BTM-03,combination,379,12.636,62.5,67.7,62.5,12.522,17.871,11.595,5073,0.0,0
SKU-0192,WH-BTM-03,holt_winters,150,5.003,15.8,56.9,-15.8,3.907,5.562,4.609,1281,0.093,0
SKU-0193,WH-BTM-03,combination,28,0.949,11.0,100.9,-11.0,1.056,1.099,1.341,226,0.436,1
SKU-0194,WH-BTM-03,seasonal_index,2866,95.517,3.9,34.8,3.9,44.92,97.584,50.231,23209,0.0,0
SKU-0195,WH-BTM-03,seasonal_index,312,10.416,32.9,47.9,-32.9,6.628,9.871,5.951,2422,0.003,0
SKU-0196,WH-BTM-03,seasonal_index,158,5.261,10.6,41.6,10.6,4.506,6.567,4.192,1717,0.014,0
SKU-0197,WH-BTM-03,combination,35,1.156,18.8,92.8,18.8,1.136,1.099,1.205,244,0.384,1
SKU-0198,WH-BTM-03,combination,281,9.373,13.9,43.7,13.9,5.79,9.808,5.74,2329,0.0,0
SKU-0199,WH-BTM-03,combination,558,18.605,2.6,46.3,2.6,12.213,21.934,16.28,4607,0.0,0
SKU-0200,WH-BTM-03,combination,104,3.475,6.3,61.6,6.3,3.215,4.279,3.729,1012,0.129,0
SKU-0201,WH-BTM-03,combination,864,28.805,2.4,34.7,2.4,13.724,32.408,16.916,7505,0.0,0
SKU-0202,WH-BTM-03,combination,249,8.294,51.8,66.8,51.8,10.89,15.378,11.446,4326,0.003,0
SKU-0203,WH-BTM-03,combination,1602,53.402,35.8,45.5,35.8,46.986,70.753,40.66,18429,0.0,0
SKU-0204,WH-BTM-03,combination,200,6.678,9.5,61.3,-9.5,5.059,6.575,5.561,1365,0.038,0
SKU-0205,WH-BTM-03,combination,21,0.69,97.4,138.0,97.4,1.275,1.189,1.269,293,0.351,1
SKU-0206,WH-BTM-03,seasonal_index,824,27.479,9.5,54.7,-9.5,14.412,22.468,17.684,5188,0.011,0
SKU-0207,WH-BTM-03,combination,354,11.802,18.6,44.6,-18.6,7.267,14.416,8.528,3524,0.0,0
SKU-0208,WH-BTM-03,combination,346,11.543,13.0,56.2,-13.0,8.297,13.288,11.531,2962,0.019,0
SKU-0209,WH-BTM-03,combination,697,23.248,41.7,49.6,41.7,14.953,25.858,14.712,6683,0.0,0
SKU-0210,WH-BTM-03,combination,196,6.522,2.7,51.5,2.7,4.006,7.019,5.39,1675,0.022,0
SKU-0211,WH-BTM-03,combination,234,7.788,9.8,66.9,9.8,6.152,7.474,5.545,1958,0.016,0
SKU-0212,WH-BTM-03,seasonal_index,907,30.238,1.2,52.1,-1.2,19.616,30.786,19.868,7443,0.0,0
SKU-0213,WH-BTM-03,seasonal_index,5978,199.276,16.4,34.2,-16.4,116.692,169.375,107.273,43560,0.0,0
SKU-0214,WH-BTM-03,combination,850,28.323,6.7,38.9,6.7,16.12,27.145,17.26,6760,0.0,0
SKU-0215,WH-BTM-03,holt_winters,313,10.433,10.2,46.9,-10.2,7.256,9.356,6.941,2372,0.011,0
SKU-0216,WH-BTM-03,holt_winters,1547,51.564,2.3,44.7,2.3,32.141,64.649,53.868,13980,0.003,0
SKU-0217,WH-BTM-03,combination,118,3.921,39.5,56.4,39.5,4.808,4.529,3.909,1307,0.049,0
SKU-0218,WH-BTM-03,snaive,389,12.958,28.9,57.6,-28.9,8.184,13.351,8.139,3069,0.0,0
SKU-0219,WH-BTM-03,seasonal_index,360,11.989,5.7,45.0,5.7,6.336,9.921,6.891,2066,0.011,0
SKU-0220,WH-BTM-03,combination,201,6.685,16.3,56.2,-16.3,4.872,6.378,5.178,1488,0.06,0
SKU-0221,WH-BTM-03,holt_winters,61,2.038,2.1,56.8,2.1,1.882,2.332,2.362,526,0.23,0
SKU-0222,WH-BTM-03,combination,56,1.867,11.9,59.9,-11.9,1.635,1.471,1.606,362,0.337,1
SKU-0223,WH-BTM-03,croston_sba,10,0.319,50.3,180.1,50.3,0.771,0.389,0.697,104,0.701,1
SKU-0224,WH-BTM-03,seasonal_index,138,4.604,4.4,62.3,-4.4,2.176,3.386,2.741,718,0.11,0
SKU-0225,WH-BTM-03,snaive,148,4.942,4.3,56.4,4.3,4.655,4.6,3.903,1101,0.099,0
SKU-0226,WH-BTM-03,seasonal_index,172,5.72,6.9,58.6,6.9,6.263,7.83,6.74,1939,0.025,0
SKU-0227,WH-BTM-03,holt_winters,2071,69.045,31.5,46.5,31.5,51.545,83.682,53.928,21390,0.0,0
SKU-0228,WH-BTM-03,combination,992,33.082,14.0,35.0,14.0,15.888,29.534,16.083,7045,0.0,0
SKU-0229,WH-BTM-03,combination,41,1.374,39.9,92.2,39.9,1.63,1.597,1.584,439,0.285,0
SKU-0230,WH-BTM-03,combination,353,11.761,17.7,53.3,17.7,9.773,16.682,11.138,4148,0.0,0
SKU-0231,WH-BTM-03,combination,148,4.948,18.7,44.5,18.7,3.254,7.77,5.038,1822,0.005,0
SKU-0232,WH-BTM-03,combination,153,5.091,4.0,62.8,4.0,3.417,4.458,3.855,1093,0.112,0
SKU-0233,WH-BTM-03,combination,389,12.95,36.9,62.1,36.9,13.702,13.249,11.564,3692,0.011,0
SKU-0234,WH-BTM-03,seasonal_index,336,11.184,44.3,74.7,44.3,10.266,13.323,10.772,3428,0.003,0
SKU-0235,WH-BTM-03,seasonal_index,402,13.404,16.6,38.7,-16.6,6.244,10.479,8.412,2140,0.014,0
SKU-0236,WH-BTM-03,ma28,3290,109.679,4.3,33.4,4.3,57.291,106.386,61.928,26365,0.0,0
SKU-0237,WH-BTM-03,seasonal_index,134,4.462,32.3,56.0,-32.3,2.704,4.101,3.261,936,0.038,0
SKU-0238,WH-BTM-03,combination,1526,50.879,1.9,29.8,1.9,29.342,50.849,26.213,13114,0.0,0
SKU-0239,WH-BTM-03,seasonal_index,6695,223.155,28.0,52.6,28.0,131.434,289.099,239.491,70812,0.0,0
SKU-0240,WH-BTM-03,combination,409,13.648,34.8,50.6,34.8,12.512,12.77,10.494,2798,0.008,0
SKU-0241,WH-BTM-03,holt_winters,3675,122.503,3.3,39.2,-3.3,64.742,118.858,71.171,28712,0.0,0
SKU-0242,WH-BTM-03,seasonal_index,1368,45.612,0.5,53.7,0.5,24.728,43.507,27.762,10865,0.0,0
SKU-0243,WH-BTM-03,holt_winters,398,13.271,7.7,38.6,-7.7,6.601,11.611,8.517,2667,0.025,0
SKU-0244,WH-BTM-03,combination,268,8.941,11.2,58.7,11.2,5.691,7.718,6.658,1778,0.025,0
SKU-0245,WH-BTM-03,combination,183,6.087,19.9,55.8,19.9,4.473,6.507,4.4,1708,0.027,0
SKU-0246,WH-BTM-03,combination,255,8.514,2.1,41.6,2.1,5.355,8.715,5.689,2002,0.008,0
SKU-0247,WH-BTM-03,ma28,209,6.964,0.4,51.9,-0.4,4.61,8.008,4.959,1763,0.022,0
SKU-0248,WH-BTM-03,seasonal_index,56,1.88,17.6,82.9,17.6,1.934,2.227,2.068,576,0.205,0
SKU-0249,WH-BTM-03,combination,443,14.767,3.9,55.6,3.9,13.747,15.26,13.457,3676,0.025,0
SKU-0250,WH-BTM-03,combination,1135,37.824,6.4,38.8,6.4,23.129,36.627,21.443,9322,0.0,0
SKU-0001,WH-PEN-04,seasonal_index,933,31.102,28.8,55.8,28.8,20.847,33.362,20.132,8534,0.0,0
SKU-0002,WH-PEN-04,combination,63,2.097,12.1,66.7,12.1,1.945,2.197,1.752,572,0.142,0
SKU-0003,WH-PEN-04,combination,159,5.299,1.0,50.1,1.0,3.773,5.537,4.014,1296,0.036,0
SKU-0004,WH-PEN-04,holt_winters,1290,43.002,21.1,46.5,21.1,29.975,53.373,32.048,13313,0.0,0
SKU-0005,WH-PEN-04,combination,175,5.836,13.7,41.6,-13.7,3.175,4.666,3.012,1185,0.041,0
SKU-0006,WH-PEN-04,combination,34,1.143,4.7,77.1,4.7,1.865,2.323,2.277,558,0.2,0
SKU-0007,WH-PEN-04,combination,5785,192.849,8.3,33.6,-8.3,75.626,180.518,88.226,41631,0.0,0
SKU-0008,WH-PEN-04,combination,43723,1457.421,5.7,35.0,5.7,933.046,1468.326,881.418,377099,0.0,0
SKU-0009,WH-PEN-04,combination,261,8.688,28.8,55.6,-28.8,4.349,5.578,4.362,1260,0.052,0
SKU-0010,WH-PEN-04,combination,399,13.302,25.7,51.2,-25.7,7.889,12.126,7.946,2948,0.003,0
SKU-0011,WH-PEN-04,combination,319,10.628,3.2,29.4,-3.2,5.064,9.559,6.32,2176,0.014,0
SKU-0012,WH-PEN-04,seasonal_index,1511,50.375,19.9,55.7,19.9,36.974,76.055,50.578,20683,0.0,0
SKU-0013,WH-PEN-04,combination,51,1.691,0.2,54.8,-0.2,1.683,1.723,1.658,463,0.26,0
SKU-0014,WH-PEN-04,combination,789,26.293,3.8,25.4,3.8,16.191,28.551,18.464,6694,0.0,0
SKU-0015,WH-PEN-04,combination,958,31.918,19.2,46.0,19.2,25.289,36.082,24.318,8682,0.0,0
SKU-0016,WH-PEN-04,seasonal_index,370,12.318,3.6,64.4,-3.6,8.477,11.94,8.685,2844,0.016,0
SKU-0017,WH-PEN-04,combination,300,9.984,1.1,41.4,-1.1,5.016,10.685,5.478,2705,0.0,0
SKU-0018,WH-PEN-04,seasonal_index,251,8.381,2.0,56.3,2.0,8.243,12.784,9.19,3290,0.0,0
SKU-0019,WH-PEN-04,seasonal_index,176,5.862,12.4,41.2,12.4,3.668,5.912,3.66,1414,0.025,0
SKU-0020,WH-PEN-04,combination,137,4.562,12.4,53.5,12.4,2.914,4.151,3.029,990,0.077,0
SKU-0021,WH-PEN-04,combination,859,28.619,0.5,33.7,-0.5,13.704,27.696,13.655,6990,0.0,0
SKU-0022,WH-PEN-04,holt_winters,209,6.98,49.9,68.8,49.9,5.046,7.436,5.663,1815,0.041,0
SKU-0023,WH-PEN-04,seasonal_index,161,5.354,8.3,39.7,-8.3,6.221,7.359,5.932,2117,0.036,0
SKU-0024,WH-PEN-04,combination,1464,48.807,9.1,29.2,9.1,26.724,56.362,27.478,13862,0.0,0
SKU-0025,WH-PEN-04,seasonal_index,3811,127.048,7.0,37.9,-7.0,70.675,122.088,81.118,29335,0.0,0
SKU-0026,WH-PEN-04,combination,950,31.656,7.0,50.4,-7.0,20.157,26.633,18.516,7172,0.0,0
SKU-0027,WH-PEN-04,seasonal_index,518,17.28,2.3,46.3,2.3,8.359,14.342,8.744,3332,0.005,0
SKU-0028,WH-PEN-04,combination,667,22.226,2.2,32.4,-2.2,8.188,17.307,10.278,3852,0.0,0
SKU-0029,WH-PEN-04,combination,324,10.805,22.3,35.5,22.3,6.803,12.17,6.037,3194,0.0,0
SKU-0030,WH-PEN-04,combination,55,1.827,9.0,74.1,9.0,2.082,2.189,2.018,542,0.216,0
SKU-0031,WH-PEN-04,seasonal_index,1961,65.352,9.2,32.1,9.2,29.823,59.841,30.21,14370,0.0,0
SKU-0032,WH-PEN-04,combination,378,12.587,9.3,49.6,-9.3,7.827,10.808,8.226,2256,0.016,0
SKU-0033,WH-PEN-04,seasonal_index,4906,163.532,28.9,61.0,-28.9,112.365,155.638,141.396,34681,0.0,0
SKU-0034,WH-PEN-04,snaive,1280,42.675,13.1,39.1,-13.1,27.904,41.405,26.552,9232,0.0,0
SKU-0035,WH-PEN-04,combination,971,32.37,6.1,35.9,-6.1,20.535,32.162,24.262,7791,0.0,0
SKU-0036,WH-PEN-04,seasonal_index,342,11.394,11.2,58.9,11.2,5.585,7.896,5.854,1795,0.03,0
SKU-0037,WH-PEN-04,combination,129,4.312,7.2,62.5,7.2,3.793,5.622,3.925,1408,0.03,0
SKU-0038,WH-PEN-04,seasonal_index,1677,55.915,22.8,45.1,22.8,43.681,71.54,42.161,18240,0.0,0
SKU-0039,WH-PEN-04,holt_winters,431,14.373,20.2,64.9,20.2,10.026,12.37,10.846,3119,0.03,0
SKU-0040,WH-PEN-04,combination,715,23.838,10.9,40.6,-10.9,12.532,18.918,13.463,4544,0.011,0
SKU-0041,WH-PEN-04,seasonal_index,43,1.42,13.5,90.5,13.5,1.515,1.485,1.484,377,0.315,1
SKU-0042,WH-PEN-04,combination,1993,66.437,12.3,39.3,-12.3,42.786,57.852,38.31,13509,0.0,0
SKU-0043,WH-PEN-04,combination,260,8.656,10.8,49.9,10.8,6.53,10.2,7.013,2560,0.014,0
SKU-0044,WH-PEN-04,combination,51,1.715,48.3,72.0,48.3,2.01,2.271,2.025,587,0.222,0
SKU-0045,WH-PEN-04,seasonal_index,920,30.657,15.6,33.0,15.6,12.025,29.46,13.066,7050,0.0,0
SKU-0046,WH-PEN-04,combination,1628,54.277,23.3,35.6,23.3,30.769,60.545,29.769,15218,0.0,0
SKU-0047,WH-PEN-04,combination,167,5.568,5.4,45.9,-5.4,3.689,6.323,5.42,1468,0.058,0
SKU-0048,WH-PEN-04,combination,167,5.559,2.0,50.6,2.0,4.597,5.455,4.582,1291,0.06,0
SKU-0049,WH-PEN-04,ma28,133,4.429,44.6,85.1,44.6,4.549,4.973,3.974,1341,0.063,0
SKU-0050,WH-PEN-04,seasonal_index,306,10.186,8.2,42.8,-8.2,10.048,14.477,9.499,3949,0.0,0
SKU-0051,WH-PEN-04,combination,537,17.897,11.7,41.0,-11.7,11.99,22.181,17.616,5045,0.0,0
SKU-0052,WH-PEN-04,combination,2467,82.235,66.1,73.0,66.1,83.022,120.636,75.193,31468,0.0,0
SKU-0053,WH-PEN-04,combination,50,1.68,13.2,70.8,13.2,1.894,1.847,1.704,446,0.197,0
SKU-0054,WH-PEN-04,combination,160,5.327,24.8,67.3,24.8,4.533,6.636,5.487,1669,0.066,0
SKU-0055,WH-PEN-04,seasonal_index,212,7.079,17.1,63.0,17.1,5.479,7.186,5.405,1687,0.041,0
SKU-0056,WH-PEN-04,combination,1715,57.164,3.6,42.4,-3.6,26.048,52.342,29.961,12072,0.0,0
SKU-0057,WH-PEN-04,combination,249,8.309,36.4,50.0,36.4,5.606,9.085,5.219,2433,0.003,0
SKU-0058,WH-PEN-04,croston_sba,25,0.842,27.6,119.3,-27.6,0.789,0.589,0.884,130,0.605,1
SKU-0059,WH-PEN-04,combination,620,20.652,0.8,46.6,0.8,14.681,17.167,13.096,4123,0.003,0
SKU-0060,WH-PEN-04,snaive,1806,60.208,24.1,50.6,-24.1,51.175,77.641,48.146,18356,0.0,0
SKU-0061,WH-PEN-04,holt_winters,22,0.749,44.3,99.2,44.3,1.012,0.844,1.043,217,0.49,1
SKU-0062,WH-PEN-04,combination,1433,47.776,4.6,48.5,-4.6,26.304,41.507,27.829,9631,0.0,0
SKU-0063,WH-PEN-04,seasonal_index,87,2.884,4.0,64.9,4.0,2.145,2.592,2.148,644,0.14,0
SKU-0064,WH-PEN-04,combination,1014,33.794,9.3,53.7,-9.3,24.398,31.515,21.545,7941,0.0,0
SKU-0065,WH-PEN-04,combination,49,1.635,8.3,80.5,8.3,1.327,1.715,1.47,400,0.219,0
SKU-0066,WH-PEN-04,combination,640,21.344,26.1,51.3,-26.1,17.129,18.345,14.359,4860,0.0,0
SKU-0067,WH-PEN-04,combination,2059,68.641,9.1,29.6,-9.1,32.939,74.271,32.345,18180,0.0,0
SKU-0068,WH-PEN-04,seasonal_index,436,14.527,13.6,58.8,13.6,8.515,10.904,9.074,2575,0.038,0
SKU-0069,WH-PEN-04,combination,2953,98.424,6.1,37.2,6.1,85.106,114.808,76.277,30521,0.0,0
SKU-0070,WH-PEN-04,combination,1122,37.407,11.8,31.9,-11.8,15.466,37.57,23.128,7978,0.0,0
SKU-0071,WH-PEN-04,holt_winters,786,26.197,2.3,39.4,2.3,14.7,24.099,14.478,6055,0.0,0
SKU-0072,WH-PEN-04,seasonal_index,1908,63.592,18.7,61.4,18.7,40.041,54.518,39.815,12478,0.0,0
SKU-0073,WH-PEN-04,seasonal_index,1220,40.675,24.5,42.2,24.5,28.299,47.833,34.438,11284,0.0,0
SKU-0074,WH-PEN-04,ma28,493,16.429,24.7,60.9,-24.7,12.077,15.395,12.15,3542,0.005,0
SKU-0075,WH-PEN-04,combination,358,11.924,7.8,32.8,7.8,5.461,10.151,6.584,2407,0.0,0
SKU-0076,WH-PEN-04,combination,191,6.372,3.4,56.4,-3.4,4.66,5.97,4.863,1413,0.09,0
SKU-0077,WH-PEN-04,combination,130,4.331,3.9,58.9,-3.9,2.927,4.255,3.316,990,0.123,0
SKU-0078,WH-PEN-04,combination,432,14.399,19.0,50.8,-19.0,14.7,16.529,13.29,4043,0.005,0
SKU-0079,WH-PEN-04,seasonal_index,170,5.666,14.3,55.8,-14.3,3.65,5.082,3.552,1293,0.036,0
SKU-0080,WH-PEN-04,seasonal_index,2110,70.338,48.1,68.7,48.1,46.466,76.89,54.35,17535,0.0,0
SKU-0081,WH-PEN-04,seasonal_index,112,3.719,10.6,56.9,-10.6,3.588,4.926,3.189,1295,0.047,0
SKU-0082,WH-PEN-04,seasonal_index,632,21.072,19.9,58.9,19.9,13.107,19.734,14.654,4579,0.005,0
SKU-0083,WH-PEN-04,seasonal_index,2087,69.565,11.1,40.7,11.1,50.022,91.008,53.402,23266,0.0,0
SKU-0084,WH-PEN-04,combination,4671,155.7,12.5,39.2,-12.5,72.106,119.934,74.978,26661,0.0,0
SKU-0085,WH-PEN-04,ma28,1189,39.643,31.6,49.2,-31.6,16.127,27.485,17.054,5925,0.003,0
SKU-0086,WH-PEN-04,snaive,140,4.658,12.9,45.3,-12.9,2.321,3.395,2.327,749,0.066,0
SKU-0087,WH-PEN-04,combination,1176,39.192,14.2,39.7,14.2,21.862,39.227,19.978,9395,0.0,0
SKU-0088,WH-PEN-04,snaive,82,2.75,7.1,58.3,-7.1,2.764,3.074,2.489,809,0.132,0
SKU-0089,WH-PEN-04,combination,411,13.708,29.2,41.2,-29.2,5.534,10.668,6.039,2364,0.0,0
SKU-0090,WH-PEN-04,combination,3571,119.023,17.1,42.7,-17.1,43.66,93.342,46.901,22105,0.0,0
SKU-0091,WH-PEN-04,combination,1786,59.54,7.9,45.8,7.9,30.989,60.315,38.819,13378,0.0,0
SKU-0092,WH-PEN-04,seasonal_index,56,1.86,51.8,91.3,51.8,2.117,1.989,1.94,492,0.216,0
SKU-0093,WH-PEN-04,combination,219,7.315,3.2,47.3,3.2,6.521,6.162,5.876,1492,0.025,0
SKU-0094,WH-PEN-04,seasonal_index,369,12.313,12.6,49.4,-12.6,9.462,14.389,11.086,3412,0.025,0
SKU-0095,WH-PEN-04,combination,83,2.783,2.3,62.3,-2.3,2.348,2.296,2.184,589,0.23,0
SKU-0096,WH-PEN-04,combination,44,1.48,68.3,99.0,68.3,2.111,1.989,2.13,506,0.271,0
SKU-0097,WH-PEN-04,seasonal_index,337,11.228,27.8,91.2,27.8,11.628,9.395,9.786,2306,0.052,0
SKU-0098,WH-PEN-04,ma28,4012,133.75,13.4,30.9,-13.4,51.336,111.077,57.618,25280,0.0,0
SKU-0099,WH-PEN-04,combination,824,27.461,42.3,56.8,42.3,20.96,31.581,20.361,8380,0.0,0
SKU-0100,WH-PEN-04,seasonal_index,41,1.361,30.0,76.7,-30.0,0.887,0.773,1.112,154,0.526,1
SKU-0101,WH-PEN-04,seasonal_index,350,11.651,42.9,53.4,42.9,12.114,19.992,13.86,5269,0.0,0
SKU-0102,WH-PEN-04,holt_winters,313,10.419,1.0,46.6,1.0,5.85,9.005,5.969,2399,0.014,0
SKU-0103,WH-PEN-04,combination,525,17.508,15.5,41.2,-15.5,9.529,13.063,9.169,3289,0.014,0
SKU-0104,WH-PEN-04,combination,2362,78.73,24.9,52.0,24.9,49.758,70.515,52.439,18898,0.0,0
SKU-0105,WH-PEN-04,seasonal_index,119,3.978,1.4,49.1,-1.4,2.108,3.23,2.513,726,0.093,0
SKU-0106,WH-PEN-04,combination,68,2.253,23.8,83.1,23.8,2.591,2.31,2.333,546,0.216,0
SKU-0107,WH-PEN-04,seasonal_index,932,31.051,14.9,46.8,-14.9,17.578,29.416,17.738,7404,0.0,0
SKU-0108,WH-PEN-04,combination,45,1.495,8.9,88.0,8.9,1.592,1.49,1.524,376,0.315,1
SKU-0109,WH-PEN-04,combination,2324,77.451,3.5,29.1,3.5,33.968,86.101,48.689,18989,0.0,0
SKU-0110,WH-PEN-04,seasonal_index,997,33.225,21.0,37.0,-21.0,17.716,27.581,18.434,6557,0.0,0
SKU-0111,WH-PEN-04,combination,921,30.691,20.5,49.5,20.5,17.544,29.868,17.542,6935,0.0,0
SKU-0112,WH-PEN-04,combination,179,5.967,57.4,68.6,57.4,6.548,7.559,5.475,2103,0.005,0
SKU-0113,WH-PEN-04,combination,391,13.044,1.6,50.6,-1.6,9.506,14.474,11.956,3242,0.016,0
SKU-0114,WH-PEN-04,combination,402,13.412,15.4,51.4,-15.4,7.512,13.236,10.22,2828,0.008,0
SKU-0115,WH-PEN-04,combination,640,21.321,20.3,42.9,20.3,12.917,21.956,11.832,5668,0.0,0
SKU-0116,WH-PEN-04,combination,845,28.155,1.7,37.9,-1.7,16.204,27.03,19.879,5882,0.0,0
SKU-0117,WH-PEN-04,seasonal_index,707,23.57,41.5,47.6,41.5,11.956,22.211,10.977,5296,0.0,0
SKU-0118,WH-PEN-04,combination,57,1.912,25.6,77.0,-25.6,1.964,1.918,2.249,426,0.299,0
SKU-0119,WH-PEN-04,holt_winters,546,18.198,18.2,38.7,-18.2,12.832,18.901,12.741,4646,0.0,0
SKU-0120,WH-PEN-04,combination,158,5.258,10.2,55.0,-10.2,4.289,4.685,4.327,1168,0.077,0
SKU-0121,WH-PEN-04,combination,442,14.746,12.0,39.6,-12.0,8.494,16.025,10.742,3941,0.008,0
SKU-0122,WH-PEN-04,combination,746,24.851,11.1,47.9,-11.1,15.6,27.532,17.957,6959,0.0,0
SKU-0123,WH-PEN-04,combination,219,7.292,0.0,43.3,0.0,3.169,5.622,4.091,1345,0.025,0
SKU-0124,WH-PEN-04,holt_winters,219,7.291,19.8,49.3,19.8,3.954,7.003,4.868,1745,0.022,0
SKU-0125,WH-PEN-04,seasonal_index,3375,112.507,2.4,27.6,-2.4,70.899,127.518,79.54,34434,0.0,0
SKU-0126,WH-PEN-04,seasonal_index,201,6.699,10.9,43.3,10.9,3.502,6.981,3.747,1551,0.014,0
SKU-0127,WH-PEN-04,seasonal_index,101,3.366,15.7,85.9,-15.7,3.201,3.11,3.821,717,0.195,0
SKU-0128,WH-PEN-04,combination,689,22.968,35.0,47.9,35.0,14.052,29.274,13.852,7999,0.0,0
SKU-0129,WH-PEN-04,combination,1389,46.291,23.0,29.5,23.0,27.779,65.715,33.976,15737,0.0,0
SKU-0130,WH-PEN-04,combination,157,5.239,3.3,42.4,3.3,3.785,6.444,5.794,1492,0.038,0
SKU-0131,WH-PEN-04,combination,2107,70.236,25.6,50.4,25.6,44.245,88.907,52.521,20390,0.0,0
SKU-0132,WH-PEN-04,combination,1105,36.828,6.5,46.3,-6.5,15.48,26.778,19.435,5395,0.005,0
SKU-0133,WH-PEN-04,combination,581,19.376,3.2,38.9,3.2,15.865,20.655,14.792,5370,0.008,0
SKU-0134,WH-PEN-04,seasonal_index,469,15.629,4.7,62.5,4.7,17.884,19.197,15.771,4856,0.005,0
SKU-0135,WH-PEN-04,combination,3222,107.414,26.2,57.9,-26.2,63.158,73.553,57.49,18809,0.0,0
SKU-0136,WH-PEN-04,seasonal_index,288,9.605,8.6,50.5,8.6,6.571,11.063,8.424,2743,0.011,0
SKU-0137,WH-PEN-04,croston_sba,46,1.53,27.3,90.3,-27.3,1.233,1.329,1.436,287,0.353,1
SKU-0138,WH-PEN-04,seasonal_index,4406,146.879,11.1,43.2,-11.1,65.254,118.666,60.73,27823,0.0,0
SKU-0139,WH-PEN-04,combination,696,23.189,5.2,36.4,-5.2,11.311,24.704,12.506,6200,0.0,0
SKU-0140,WH-PEN-04,combination,802,26.747,2.0,40.2,2.0,16.205,30.036,17.119,6994,0.0,0
SKU-0141,WH-PEN-04,combination,1121,37.377,6.3,32.9,-6.3,15.778,37.89,19.209,8408,0.0,0
SKU-0142,WH-PEN-04,snaive,84,2.783,14.0,65.2,14.0,2.787,2.69,2.258,696,0.126,0
SKU-0143,WH-PEN-04,combination,130,4.341,14.8,45.1,14.8,2.937,2.899,2.704,663,0.145,0
SKU-0144,WH-PEN-04,combination,43,1.43,33.9,78.6,-33.9,1.168,0.94,1.052,246,0.422,1
SKU-0145,WH-PEN-04,seasonal_index,142,4.732,27.9,51.4,27.9,3.949,7.104,4.074,1784,0.011,0
SKU-0146,WH-PEN-04,combination,353,11.764,0.4,48.0,0.4,8.378,10.696,8.459,2407,0.033,0
SKU-0147,WH-PEN-04,combination,383,12.757,18.9,55.7,18.9,8.645,13.211,10.686,3011,0.022,0
SKU-0148,WH-PEN-04,seasonal_index,417,13.889,26.4,41.1,26.4,10.393,15.507,9.193,3923,0.0,0
SKU-0149,WH-PEN-04,combination,91,3.031,25.6,72.2,25.6,2.478,2.649,2.439,655,0.156,0
SKU-0150,WH-PEN-04,holt_winters,43,1.438,13.1,73.4,13.1,1.294,1.655,1.461,365,0.219,0
SKU-0151,WH-PEN-04,snaive,1380,45.992,0.2,42.2,-0.2,28.052,38.178,23.174,10136,0.0,0
SKU-0152,WH-PEN-04,seasonal_index,392,13.07,7.5,44.8,-7.5,9.053,13.978,9.119,3390,0.0,0
SKU-0153,WH-PEN-04,seasonal_index,736,24.546,1.9,32.5,1.9,11.869,25.019,15.074,5375,0.0,0
SKU-0154,WH-PEN-04,seasonal_index,692,23.063,44.7,66.3,44.7,20.132,31.003,21.342,7403,0.0,0
SKU-0155,WH-PEN-04,combination,670,22.336,12.8,54.8,12.8,13.53,22.362,14.431,4960,0.003,0
SKU-0156,WH-PEN-04,combination,566,18.862,7.9,40.7,-7.9,8.627,16.403,8.985,3936,0.0,0
SKU-0157,WH-PEN-04,combination,286,9.536,2.9,59.4,2.9,6.819,10.227,7.741,2409,0.041,0
SKU-0158,WH-PEN-04,combination,628,20.942,15.7,43.6,-15.7,14.4,17.649,12.875,4622,0.003,0
SKU-0159,WH-PEN-04,snaive,394,13.117,3.7,49.5,-3.7,8.75,14.121,8.614,3317,0.0,0
SKU-0160,WH-PEN-04,combination,1199,39.958,4.5,50.2,-4.5,24.439,37.948,22.528,9328,0.0,0
SKU-0161,WH-PEN-04,combination,507,16.894,5.8,52.7,-5.8,13.954,22.803,14.211,5882,0.0,0
SKU-0162,WH-PEN-04,combination,1635,54.515,15.3,35.3,-15.3,21.563,42.742,28.515,8592,0.0,0
SKU-0163,WH-PEN-04,holt_winters,174,5.799,6.0,48.0,-6.0,3.289,6.268,4.447,1453,0.044,0
SKU-0164,WH-PEN-04,combination,1086,36.196,24.0,47.8,-24.0,14.768,30.49,20.744,6721,0.0,0
SKU-0165,WH-PEN-04,holt_winters,155,5.152,9.1,43.2,9.1,4.152,7.019,4.798,1614,0.016,0
SKU-0166,WH-PEN-04,combination,143,4.761,8.8,73.5,8.8,4.296,4.6,4.075,1110,0.126,0
SKU-0167,WH-PEN-04,combination,3330,110.987,2.4,22.5,-2.4,42.393,109.452,43.189,27964,0.0,0
SKU-0168,WH-PEN-04,seasonal_index,137,4.577,14.0,46.6,-14.0,2.851,4.008,3.171,946,0.055,0
SKU-0169,WH-PEN-04,combination,114,3.811,17.7,63.0,-17.7,2.625,2.701,2.611,641,0.181,0
SKU-0170,WH-PEN-04,combination,92,3.083,40.5,54.8,40.5,3.797,3.452,3.318,1027,0.115,0
SKU-0171,WH-PEN-04,combination,23,0.783,3.8,105.8,-3.8,0.978,0.74,0.973,188,0.526,1
SKU-0172,WH-PEN-04,seasonal_index,239,7.961,10.8,49.9,-10.8,6.23,7.416,5.477,1753,0.019,0
SKU-0173,WH-PEN-04,combination,598,19.923,9.8,44.8,-9.8,13.82,17.658,13.298,4572,0.008,0
SKU-0174,WH-PEN-04,combination,292,9.718,10.1,35.0,-10.1,6.302,9.51,5.884,2644,0.008,0
SKU-0175,WH-PEN-04,combination,546,18.205,7.7,37.4,7.7,13.784,17.849,13.185,4646,0.011,0
SKU-0176,WH-PEN-04,combination,2051,68.363,6.2,33.3,-6.2,25.47,60.321,34.073,12747,0.0,0
SKU-0177,WH-PEN-04,seasonal_index,2872,95.734,16.2,42.8,-16.2,115.378,115.915,101.975,29372,0.0,0
SKU-0178,WH-PEN-04,combination,306,10.211,19.3,40.6,19.3,9.332,15.167,10.411,4174,0.005,0
SKU-0179,WH-PEN-04,combination,6754,225.117,15.5,36.4,-15.5,107.123,205.184,113.014,48103,0.0,0
SKU-0180,WH-PEN-04,combination,1648,54.929,6.1,43.5,-6.1,28.214,49.934,29.602,11818,0.0,0
SKU-0181,WH-PEN-04,holt_winters,251,8.378,6.8,52.2,6.8,6.359,11.318,9.008,2458,0.008,0
SKU-0182,WH-PEN-04,seasonal_index,449,14.964,15.9,38.0,15.9,7.103,13.364,7.674,3042,0.003,0
SKU-0183,WH-PEN-04,seasonal_index,97,3.239,12.3,58.0,-12.3,2.481,3.332,2.65,787,0.085,0
SKU-0184,WH-PEN-04,combination,59,1.968,21.4,64.9,-21.4,2.481,2.027,2.312,482,0.301,1
SKU-0185,WH-PEN-04,combination,581,19.371,9.9,45.3,9.9,15.809,22.019,14.805,5489,0.0,0
SKU-0186,WH-PEN-04,snaive,334,11.117,15.4,45.6,-15.4,7.623,12.455,7.254,2991,0.008,0
SKU-0187,WH-PEN-04,ma28,1235,41.179,14.8,56.4,14.8,28.97,41.03,26.958,10595,0.0,0
SKU-0188,WH-PEN-04,seasonal_index,134,4.453,18.3,46.2,-18.3,9.963,6.94,7.447,1970,0.005,0
SKU-0189,WH-PEN-04,holt_winters,2411,80.355,7.7,39.1,-7.7,53.695,81.03,55.105,20389,0.0,0
SKU-0190,WH-PEN-04,seasonal_index,79,2.622,5.9,71.8,-5.9,2.745,3.175,2.719,792,0.175,0
SKU-0191,WH-PEN-04,seasonal_index,357,11.891,12.0,44.7,12.0,12.663,16.474,11.721,4738,0.003,0
SKU-0192,WH-PEN-04,combination,193,6.444,29.0,69.2,29.0,6.246,8.589,8.015,1936,0.066,0
SKU-0193,WH-PEN-04,combination,34,1.135,0.5,73.8,0.5,1.07,1.153,1.152,255,0.334,1
SKU-0194,WH-PEN-04,combination,3096,103.199,5.1,31.6,5.1,40.537,108.619,53.054,25843,0.0,0
SKU-0195,WH-PEN-04,combination,480,15.99,1.7,38.7,1.7,9.273,12.997,8.469,3113,0.003,0
SKU-0196,WH-PEN-04,seasonal_index,142,4.736,34.6,60.5,34.6,3.171,5.496,3.841,1393,0.019,0
SKU-0197,WH-PEN-04,croston_sba,22,0.744,6.4,114.2,6.4,1.079,1.063,1.202,249,0.389,1
SKU-0198,WH-PEN-04,combination,281,9.375,17.4,53.1,17.4,5.054,10.066,6.946,2233,0.014,0
SKU-0199,WH-PEN-04,ma28,647,21.571,17.9,43.1,-17.9,13.471,24.756,18.032,5469,0.0,0
SKU-0200,WH-PEN-04,seasonal_index,281,9.382,7.6,67.5,7.6,5.992,8.181,7.077,2007,0.063,0
SKU-0201,WH-PEN-04,combination,721,24.028,6.9,39.2,6.9,13.288,28.948,16.556,6710,0.0,0
SKU-0202,WH-PEN-04,seasonal_index,275,9.167,13.4,61.2,13.4,14.22,17.775,12.646,4782,0.0,0
SKU-0203,WH-PEN-04,combination,2015,67.181,43.8,48.3,43.8,40.521,78.696,37.922,20669,0.0,0
SKU-0204,WH-PEN-04,combination,342,11.395,19.9,53.7,-19.9,5.316,9.515,6.517,2102,0.019,0
SKU-0205,WH-PEN-04,seasonal_index,76,2.539,27.6,71.3,27.6,1.977,2.285,1.892,616,0.175,0
SKU-0206,WH-PEN-04,holt_winters,934,31.118,0.9,44.8,-0.9,21.91,29.414,23.148,7088,0.0,0
SKU-0207,WH-PEN-04,combination,464,15.457,3.8,40.6,-3.8,8.113,18.871,11.508,4412,0.0,0
SKU-0208,WH-PEN-04,snaive,295,9.825,39.5,55.7,39.5,10.572,17.315,11.292,3864,0.0,0
SKU-0209,WH-PEN-04,holt_winters,1152,38.399,12.9,48.1,-12.9,19.98,28.392,19.223,7438,0.0,0
SKU-0210,WH-PEN-04,combination,341,11.373,23.9,42.0,-23.9,6.616,11.362,7.728,2500,0.008,0
SKU-0211,WH-PEN-04,seasonal_index,220,7.338,3.2,45.6,-3.2,5.4,8.792,5.321,2240,0.022,0
SKU-0212,WH-PEN-04,seasonal_index,1044,34.81,10.1,59.0,10.1,29.797,39.23,29.466,9549,0.003,0
SKU-0213,WH-PEN-04,seasonal_index,7668,255.614,14.6,36.3,-14.6,146.276,241.808,134.539,59300,0.0,0
SKU-0214,WH-PEN-04,seasonal_index,923,30.776,0.9,49.2,-0.9,19.872,33.586,20.066,8511,0.0,0
SKU-0215,WH-PEN-04,combination,425,14.153,13.6,53.1,13.6,11.737,13.885,11.161,3430,0.019,0
SKU-0216,WH-PEN-04,combination,4113,137.099,11.6,42.5,-11.6,80.885,129.715,82.302,31183,0.0,0
SKU-0217,WH-PEN-04,combination,261,8.693,7.7,45.4,7.7,6.55,9.46,5.906,2626,0.005,0
SKU-0218,WH-PEN-04,combination,483,16.103,7.6,38.0,-7.6,8.347,18.422,10.624,4020,0.003,0
SKU-0219,WH-PEN-04,combination,627,20.913,11.1,35.8,-11.1,8.967,15.534,11.109,3212,0.003,0
SKU-0220,WH-PEN-04,holt_winters,359,11.969,15.2,36.3,-15.2,6.196,11.54,8.246,2543,0.014,0
SKU-0221,WH-PEN-04,combination,80,2.673,32.5,57.1,-32.5,2.031,2.537,2.309,597,0.2,0
SKU-0222,WH-PEN-04,combination,63,2.101,9.2,81.7,9.2,2.328,2.099,2.026,538,0.23,0
SKU-0223,WH-PEN-04,croston_sba,21,0.707,40.6,100.0,-40.6,0.796,0.466,0.786,116,0.668,1
SKU-0224,WH-PEN-04,combination,141,4.695,16.5,43.9,-16.5,2.581,4.575,3.731,886,0.055,0
SKU-0225,WH-PEN-04,combination,181,6.03,29.0,64.6,29.0,5.987,6.51,5.955,1692,0.082,0
SKU-0226,WH-PEN-04,combination,161,5.365,15.7,63.6,-15.7,5.478,7.164,6.039,1766,0.038,0
SKU-0227,WH-PEN-04,seasonal_index,2696,89.881,4.8,70.8,-4.8,101.735,123.74,88.971,33445,0.0,0
SKU-0228,WH-PEN-04,seasonal_index,1940,64.668,1.5,33.9,1.5,20.902,50.438,25.083,11467,0.0,0
SKU-0229,WH-PEN-04,combination,50,1.681,2.8,65.9,2.8,1.799,2.041,1.807,525,0.227,0
SKU-0230,WH-PEN-04,combination,448,14.937,29.0,76.4,29.0,12.002,19.225,14.666,4788,0.0,0
SKU-0231,WH-PEN-04,combination,225,7.514,4.7,44.3,-4.7,6.073,9.14,6.056,2179,0.008,0
SKU-0232,WH-PEN-04,holt_winters,219,7.312,22.2,57.7,-22.2,4.451,5.584,4.97,1348,0.093,0
SKU-0233,WH-PEN-04,seasonal_index,355,11.823,2.4,59.7,-2.4,15.989,16.951,13.785,4793,0.005,0
SKU-0234,WH-PEN-04,seasonal_index,297,9.886,2.1,59.6,-2.1,9.789,11.203,9.143,2824,0.014,0
SKU-0235,WH-PEN-04,combination,402,13.411,24.7,54.8,-24.7,7.575,11.871,9.065,2514,0.005,0
SKU-0236,WH-PEN-04,combination,3267,108.891,20.8,45.1,20.8,78.425,106.679,70.408,26736,0.0,0
SKU-0237,WH-PEN-04,combination,156,5.196,17.2,46.2,-17.2,2.87,5.233,3.335,1182,0.025,0
SKU-0238,WH-PEN-04,holt_winters,1339,44.621,32.4,44.9,32.4,22.74,48.225,25.07,12670,0.0,0
SKU-0239,WH-PEN-04,seasonal_index,9169,305.639,37.8,54.6,37.8,209.055,438.318,271.838,103210,0.0,0
SKU-0240,WH-PEN-04,combination,449,14.962,3.3,40.9,-3.3,6.866,14.805,9.664,3140,0.008,0
SKU-0241,WH-PEN-04,combination,6618,220.592,10.0,34.8,-10.0,93.569,205.033,106.255,47690,0.0,0
SKU-0242,WH-PEN-04,combination,1298,43.256,5.3,51.9,5.3,31.697,41.016,26.535,11001,0.0,0
SKU-0243,WH-PEN-04,holt_winters,379,12.64,6.3,38.5,-6.3,7.122,12.2,9.095,2901,0.025,0
SKU-0244,WH-PEN-04,combination,334,11.147,36.9,53.7,36.9,6.096,10.458,6.333,2520,0.003,0
SKU-0245,WH-PEN-04,combination,275,9.183,13.7,44.9,-13.7,8.105,9.885,7.137,2629,0.022,0
SKU-0246,WH-PEN-04,holt_winters,561,18.698,4.2,45.9,4.2,11.192,20.153,11.961,4740,0.0,0
SKU-0247,WH-PEN-04,ma28,218,7.25,10.1,45.4,-10.1,4.417,8.019,5.461,1767,0.022,0
SKU-0248,WH-PEN-04,combination,85,2.839,12.1,64.2,-12.1,2.342,3.044,2.771,740,0.145,0
SKU-0249,WH-PEN-04,seasonal_index,699,23.302,1.0,63.2,1.0,16.996,20.164,16.916,4814,0.011,0
SKU-0250,WH-PEN-04,combination,1721,57.38,7.4,39.9,7.4,31.588,50.282,30.695,12193,0.0,0
